iso3,country_name,v2x_libdem,v2x_polyarchy,v2x_regime,v2juhcind,v2cseeorgs,v2xcs_ccsi,v2x_corr,period,period_start,period_end,mys,soc_prot_coverage,gdp_pc_ppp,tert_enrol,wb_socprot_cov,gdp_growth,imf_program,gini_disp,gini_disp_se
ARG,Argentina,0.6282,0.8294,2.0,-0.64,2.188,0.929,0.623,P1,1990,1994,8.2581116,,19456.473125617882,37.859785079956055,,5.729273624322638,0.4,42.980000000000004,1.172
ARM,Armenia,0.3316,0.593,2.0,-0.383,1.6830000000000003,0.745,0.42800000000000005,P1,1990,1994,9.9231825,,4152.170892519478,22.05264625549318,,-14.224999310475035,0.0,33.72,1.8559999999999999
BEN,Benin,0.3992,0.49539999999999995,1.4,0.572,2.0492,0.8986000000000001,0.5716,P1,1990,1994,1.6133672799999998,,2226.7413987007,2.039697980880736,,4.803243428108177,0.2,,
BFA,Burkina Faso,0.188,0.34740000000000004,0.8,-0.143,1.0614000000000001,0.7452,0.6306,P1,1990,1994,,,1149.84683202574,0.901934003829956,,2.6952317909200305,0.4,47.3,2.74
BGD,Bangladesh,0.24500000000000002,0.4648,1.6,0.379,1.1354,0.71,0.8182,P1,1990,1994,3.5060687,,2171.890552996934,4.3600001335144,,4.630371938591827,0.2,30.919999999999998,1.988
BGR,Bulgaria,0.5492,0.6554,2.0,0.6938000000000001,1.4404,0.8462,0.3506,P1,1990,1994,7.379094759999999,,13553.14571234534,,,-4.899464768419771,0.6,29.22,1.498
BIH,Bosnia and Herzegovina,0.084,0.22833333333333336,0.0,-0.37799999999999995,0.552,0.548,0.48633333333333334,P1,1990,1994,,,2337.623258089512,,,-1.708578928556208,0.0,,
BLR,Belarus,0.3996,0.5232,1.6,0.9423999999999999,0.933,0.6974,0.4391999999999999,P1,1990,1994,,,10932.748000789263,45.22704238891602,,-7.5250006783118994,0.0,22.16,1.404
BOL,Bolivia,0.4598,0.6914,2.0,0.009,1.884,0.8173999999999999,0.6968,P1,1990,1994,6.21155564,,6478.004025569,,,4.09707469968668,0.2,49.43333333333334,1.6833333333333333
BRA,Brazil,0.696,0.8328,2.0,0.607,2.356,0.942,0.5778,P1,1990,1994,3.9769372600000006,,12664.83746523308,,,1.3831355806932244,0.2,55.96,0.646
BRB,Barbados,0.644,0.7592000000000001,2.0,2.18,2.023,0.913,0.0894,P1,1990,1994,8.6295712,,18375.47902544752,25.827919483184825,,-2.019234077088927,0.2,44.96,3.532
BWA,Botswana,0.5776,0.6816000000000001,2.0,1.8700000000000003,2.3,0.899,0.138,P1,1990,1994,5.996,,10884.804422134399,5.04862674077352,,4.538524912113444,0.0,56.379999999999995,3.224
CHL,Chile,0.7318,0.8032,2.0,1.526,2.739,0.937,0.0622,P1,1990,1994,8.5436947,,12503.888195273541,,,6.923848904908786,0.0,50.620000000000005,0.9800000000000001
COL,Colombia,0.39740000000000003,0.5326000000000001,1.8,2.0686,0.18940000000000004,0.507,0.4516,P1,1990,1994,6.448998260000001,,10330.479086671667,,,4.3057214423420165,0.0,50.32,2.02
CPV,Cape Verde,0.5526,0.6284,1.8,1.1862000000000001,1.4898,0.8176,0.2424,P1,1990,1994,,,2048.226123711076,,,8.184983808514417,0.0,,
CRI,Costa Rica,0.8404,0.892,3.0,1.943,3.653,0.977,0.264,P1,1990,1994,6.9907666399999995,,11606.053010150341,,,5.327208335565461,0.4,41.739999999999995,1.092
CYP,Cyprus,0.6264000000000001,0.7674000000000001,2.0,1.307,2.251,0.8977999999999999,0.1938,P1,1990,1994,8.6123966,,28339.540625,,,4.828699860520331,0.0,29.860000000000003,2.4880000000000004
CZE,Czechia,0.7898,0.8702,3.0,1.6599999999999997,1.6949999999999998,0.884,0.2592,P1,1990,1994,9.4794176,,25418.204194368423,,,-2.2875677453259753,0.6,,
DDR,German Democratic Republic,0.538,0.707,2.0,1.096,1.602,0.824,0.162,P1,1990,1994,,,,,,,,,
DOM,Dominican Republic,0.20380000000000004,0.4364,1.0,-1.383,1.1412,0.75,0.8219999999999998,P1,1990,1994,5.52862536,,7833.060995718486,,,3.3375537907275343,0.4,46.339999999999996,2.064
ECU,Ecuador,0.4612,0.7098,2.0,0.1456,2.0622,0.8724000000000001,0.6374000000000001,P1,1990,1994,6.864117640000001,,9293.45898684077,,,3.2634071462255916,0.4,50.6,2.6
EST,Estonia,0.6382000000000001,0.721,1.8,2.3456,2.0736,0.9033999999999999,0.1698,P1,1990,1994,10.148617,,15738.11054399626,,,-9.137854661346747,0.4,30.1,1.512
FJI,Fiji,0.2698,0.383,1.0,-1.026,0.642,0.725,0.2784,P1,1990,1994,7.046670059999999,,7963.712926871403,10.7947301864624,,3.28600658653534,0.0,41.9,3.104
GHA,Ghana,0.20600000000000002,0.2612,0.6,0.9856,0.86,0.6308,0.7163999999999999,P1,1990,1994,4.4387256,,2899.389383303118,1.1252499967813496,,4.128012731041516,0.0,39.9,2.3280000000000003
GTM,Guatemala,0.2132,0.3832,1.0,0.8009999999999999,1.5514,0.7445999999999999,0.8368,P1,1990,1994,3.34518488,,7802.56848258845,8.424920082092285,,3.9120048427971255,0.2,50.58,2.1740000000000004
GUY,Guyana,0.25680000000000003,0.3738,1.0,0.492,1.3832,0.7378,0.49700000000000005,P1,1990,1994,5.41145038,,5854.66156063587,7.604045152664185,,5.491159191405339,0.4,44.86666666666667,3.0966666666666662
HND,Honduras,0.26739999999999997,0.4962,1.2,-0.6609999999999999,1.2382,0.671,0.851,P1,1990,1994,4.02334542,,1583.8868442554042,9.382576179504396,,19.781939560204783,0.4,51.019999999999996,1.8519999999999999
HRV,Croatia,0.19175,0.3255,0.75,-0.715,-0.11275,0.46725,0.588,P1,1990,1994,7.1696302,,18221.01497351148,,,-8.739267101156372,0.2,28.02,2.3739999999999997
HUN,Hungary,0.7482,0.834,2.8,1.7,1.414,0.852,0.255,P1,1990,1994,9.6181812,,19009.198317389983,,,-3.2163669864524445,0.6,26.339999999999996,0.9380000000000001
IDN,Indonesia,0.054000000000000006,0.19340000000000002,1.0,-2.422,-0.543,0.306,0.9399999999999998,P1,1990,1994,3.7662500199999998,,5377.856823527398,9.212170028686534,,6.937600041454459,0.0,41.86,1.528
IND,India,0.5662,0.7202,2.0,1.486,1.6096,0.8412,0.5294000000000001,P1,1990,1994,2.9872387,,2270.120147162886,5.9697651863098145,,4.696476460934158,0.2,40.88,1.456
ISR,Israel,0.6878,0.7662,3.0,1.522,1.0384,0.8190000000000002,0.11700000000000002,P1,1990,1994,10.0322553,,26660.541992298742,,,6.869036432906983,0.0,31.8,1.0939999999999999
JAM,Jamaica,0.4612,0.5923999999999999,2.0,1.8700000000000003,2.409,0.922,0.169,P1,1990,1994,6.85370334,,9526.970714897074,6.80225992202759,,4.358961748413168,0.6,43.82,2.0919999999999996
KOR,South Korea,0.5462,0.6799999999999999,2.4,0.7552,1.0368,0.6884,0.3916,P1,1990,1994,9.562000000000001,,16684.80883927842,,,8.723603847672155,0.0,,
LKA,Sri Lanka,0.2864,0.4556,1.0,0.651,-0.020799999999999996,0.44480000000000003,0.418,P1,1990,1994,8.901549,,4920.160775924704,4.75038003921509,,5.579991156661904,0.2,43.08,2.258
LSO,Lesotho,0.23679999999999998,0.289,0.6,0.938,0.8914,0.6514,0.5442,P1,1990,1994,4.27851036,,1553.282398189032,1.858241987228394,,5.89161705455871,0.4,53.14,3.9299999999999997
LTU,Lithuania,0.7343999999999999,0.8051999999999999,2.4,1.3983999999999999,1.6562000000000001,0.8375999999999999,0.164,P1,1990,1994,9.507104,,15959.91357176482,,,-13.231886993979737,0.6,28.639999999999997,1.566
LVA,Latvia,0.5634,0.6758,2.0,1.355,1.2922,0.7567999999999999,0.3352,P1,1990,1994,9.8018734,,12875.76681155322,,,-11.876715078075616,0.4,26.52,1.6280000000000001
MDA,Moldova,0.3548,0.49139999999999995,1.4,0.492,0.45499999999999996,0.6285999999999999,0.6816000000000001,P1,1990,1994,9.381587,,10912.065655031727,,,-19.30000008708195,0.2,33.3,2.126
MDG,Madagascar,0.2044,0.3522,1.2,-1.2346,1.0478,0.7248,0.7224,P1,1990,1994,,,1788.409146680972,3.0676900148391724,,0.0122520569573656,0.0,44.08,2.9
MEX,Mexico,0.213,0.4316,1.0,-0.668,0.324,0.4232,0.751,P1,1990,1994,6.09199986,,17774.22739402442,,,4.011137831440224,0.0,48.839999999999996,1.4
MKD,North Macedonia,0.2625,0.28475,0.25,0.868,-0.0855,0.44175,0.48850000000000005,P1,1990,1994,4.9695259,,11592.07905818986,16.23699169158936,,-5.490850956194673,0.0,29.9,2.04
MLI,Mali,0.299,0.41459999999999997,1.0,0.5316,1.6705999999999999,0.7914,0.7736,P1,1990,1994,0.9193485859999999,,1991.657032735978,0.7125999927520752,,2.4500842173121575,0.2,42.9,2.92
MLT,Malta,0.5711999999999999,0.7567999999999999,2.0,0.9040000000000001,3.106,0.954,0.173,P1,1990,1994,6.68275206,,19572.94412073366,,,5.474133883674214,0.0,,
MNG,Mongolia,0.46259999999999996,0.5980000000000001,1.8,-0.03940000000000001,1.0922,0.7407999999999999,0.286,P1,1990,1994,8.541089,,5642.501728542058,14.895147895812979,,-4.433775893778512,0.4,,
MUS,Mauritius,0.611,0.7213999999999999,3.0,-0.40099999999999997,2.3492,0.9019999999999999,0.465,P1,1990,1994,5.948000120000001,,9792.557107503051,4.71827256679535,,5.47061748655302,0.0,37.42,2.754
MWI,Malawi,0.1296,0.2474,1.0,0.29900000000000004,-2.0428,0.075,0.21939999999999998,P1,1990,1994,2.37520242,,1039.265164559816,0.5417540073394777,,1.308241388479414,0.2,49.779999999999994,3.322
NAM,Namibia,0.472,0.579,2.0,1.874,1.7440000000000002,0.877,0.19,P1,1990,1994,5.7190028,,7558.003614789144,4.534219980239865,,3.510551058925814,0.0,65.85,3.23
NER,Niger,0.3024,0.4276,1.4,0.2872,1.0528,0.7060000000000001,0.5164,P1,1990,1994,0.80839123,,1344.643898849466,0.615215003490448,,0.48584384831911365,0.2,39.53333333333333,3.0400000000000005
NIC,Nicaragua,0.46579999999999994,0.6776,2.0,-0.889,2.0656,0.8632,0.5614,P1,1990,1994,5.76886462,,4056.5299934238924,7.502903302510579,,0.6178710858765775,0.4,51.6,1.9449999999999998
PAN,Panama,0.4894,0.6542,1.8,0.6921999999999999,1.191,0.736,0.6013999999999999,P1,1990,1994,7.50399994,,11412.83821337378,24.09017372131346,,6.80511408028984,0.2,51.7,1.016
PER,Peru,0.21739999999999998,0.3898,0.8,0.38079999999999997,0.6382,0.5744,0.6035999999999999,P1,1990,1994,7.891777540000001,,6430.85150284519,29.16814460754394,,2.8496259268356665,0.2,53.1,2.18
PHL,Philippines,0.4206,0.5538000000000001,2.0,0.6666000000000001,2.36,0.937,0.7148,P1,1990,1994,7.258,,4366.76052408592,24.736916859944632,,1.9238934835854316,0.4,42.480000000000004,2.138
PNG,Papua New Guinea,0.41879999999999995,0.5454000000000001,2.0,1.7420000000000002,2.407,0.8949999999999999,0.612,P1,1990,1994,2.64227948,,3743.4005661950405,,,8.905641753988434,0.4,,
POL,Poland,0.7732,0.8542,2.4,2.4,2.3796,0.9273999999999999,0.084,P1,1990,1994,10.043027,,12521.14372841986,,,1.1326280454330226,0.8,26.9,0.664
PRY,Paraguay,0.3028,0.45920000000000005,1.4,-0.36439999999999995,1.7006000000000001,0.7834,0.9128000000000001,P1,1990,1994,5.9514626,,10117.751670139512,9.835054874420186,,3.9135276241142707,0.0,43.760000000000005,1.02
ROU,Romania,0.3546,0.5488000000000001,2.0,-0.8632,1.684,0.765,0.6963999999999999,P1,1990,1994,8.6908894,,14244.58903628914,,,-4.056165488959417,,22.919999999999998,0.9179999999999999
SEN,Senegal,0.4154,0.5588,2.0,-0.347,2.0592,0.8852,0.414,P1,1990,1994,1.94679242,,2861.250046032346,3.05016994476318,,0.9093211055213531,0.2,42.65,2.9425
SLB,Solomon Islands,0.4136,0.532,2.0,0.767,1.779,0.857,0.374,P1,1990,1994,,,2577.4348001703197,,,6.600000112894915,0.0,,
SLV,El Salvador,0.156,0.311,1.0,-0.5074,0.4314,0.5216000000000001,0.7714,P1,1990,1994,3.9730631799999996,,6311.968531015504,16.9969551563263,,4.77186574909439,0.6,47.6,2.376
STP,Sao Tome and Principe,0.4202,0.5322,1.6,0.8346,0.9478,0.7094,0.23900000000000002,P1,1990,1994,4.20178176,,3817.3508066896275,,,0.6096712066967231,0.0,,
SUR,Suriname,0.5642,0.6856,1.8,1.6201999999999999,2.3638,0.9238,0.2088,P1,1990,1994,,,16990.3946803668,9.56165981292725,,-0.9400000212023845,0.0,,
SVK,Slovakia,0.5835,0.727,1.0,1.665,1.313,0.7765,0.376,P1,1990,1994,7.472572840000001,,15117.60562283842,,,-3.2971079976421773,0.2,18.9,0.8320000000000001
SVN,Slovenia,0.7038,0.7942,2.8,2.0116,1.7298000000000002,0.8482,0.1418,P1,1990,1994,7.8451244,,23306.88087637766,,,-1.5482251628996049,0.0,22.86,1.078
THA,Thailand,0.24559999999999998,0.332,0.8,0.769,0.6068,0.605,0.7546,P1,1990,1994,4.745829039999999,,9927.347660157604,17.906800270080552,,8.811550474355105,0.0,44.7,1.624
TTO,Trinidad and Tobago,0.637,0.765,2.0,1.9460000000000002,2.3427999999999995,0.9277999999999998,0.143,P1,1990,1994,7.58888892,,12768.26154722386,6.83758004506429,,3.522524212207368,0.2,42.519999999999996,3.022
TWN,Taiwan,0.255,0.2926,0.0,-0.2732,0.8573999999999999,0.671,0.38120000000000004,P1,1990,1994,,,,,,,,28.119999999999997,0.782
UKR,Ukraine,0.30419999999999997,0.4806,1.0,-0.8454,0.7173999999999999,0.541,0.5396,P1,1990,1994,9.64458,,18138.9458984375,44.69731369018556,,-12.409047025733502,0.0,26.7,1.294
URY,Uruguay,0.7614,0.837,3.0,0.881,2.429,0.874,0.046,P1,1990,1994,7.2311685400000005,,15373.87427332144,29.6503365834554,,4.3413268096471604,0.4,39.68,0.99
VEN,Venezuela,0.6075999999999999,0.7416,2.0,0.9561999999999999,2.291,0.89,0.7001999999999999,P1,1990,1994,5.836363799999999,,,27.1371599833171,,4.036837913677759,0.0,40.94,1.4140000000000001
VUT,Vanuatu,0.5384,0.6458,2.0,1.9310000000000003,2.614,0.925,0.4128,P1,1990,1994,,,3136.939567785806,,,5.449133218950449,0.0,,
ZAF,South Africa,0.1776,0.27759999999999996,0.2,-0.40079999999999993,1.0292,0.6742,0.4306,P1,1990,1994,7.4139894,,10286.377704759867,12.98729801177978,,0.19210394050580923,0.0,61.44,1.924
ARG,Argentina,0.6365999999999999,0.8295999999999999,2.0,-0.5812,2.188,0.929,0.6088,P2,1995,1999,8.5979998,,22436.97321763534,48.7484645843506,,2.2514497596513676,0.4,45.42,1.134
ARM,Armenia,0.2314,0.4234,1.0,-0.851,1.6082,0.7514000000000001,0.7051999999999999,P2,1995,1999,10.2764728,,3939.15018336473,24.3855365753174,,5.337295771586682,0.4,39.44,1.6320000000000001
BEN,Benin,0.5032,0.618,2.0,0.572,1.876,0.8808,0.6224000000000001,P2,1995,1999,2.03500002,,2385.468529490382,2.3737475275993374,,5.081326513463438,0.2,,
BFA,Burkina Faso,0.267,0.48599999999999993,1.0,-0.143,2.544,0.93,0.54,P2,1995,1999,,,1324.1654024428901,1.0273675024509414,,7.550181980636035,0.4,47.239999999999995,2.4899999999999998
BGD,Bangladesh,0.273,0.511,2.0,0.6054,1.21,0.7622,0.7994,P2,1995,1999,4.005277080000001,,2483.993867533634,5.28646993637085,,4.796255370737002,0.0,32.78,1.954
BGR,Bulgaria,0.6038,0.7048,2.0,1.082,1.542,0.8512000000000001,0.35,P2,1995,1999,8.8533332,,13062.72822925084,,,-2.1239637047875,0.6,32.160000000000004,1.506
BIH,Bosnia and Herzegovina,0.2522,0.45199999999999996,1.4,0.506,2.0468,0.8284,0.6868,P2,1995,1999,,,5612.207716535664,,,26.589334855279937,0.2,,
BLR,Belarus,0.191,0.3976,1.2,-1.3366,0.181,0.484,0.4232,P2,1995,1999,10.1281204,,9265.056948935102,46.078699493408195,,3.12000003247283,0.2,24.619999999999997,0.986
BOL,Bolivia,0.5086,0.7346,2.0,0.009,1.9977999999999998,0.8632,0.7061999999999999,P2,1995,1999,6.76555556,,7253.941278083699,,,3.8900134941124476,0.2,52.339999999999996,1.41
BRA,Brazil,0.7116,0.8484,2.0,0.694,2.356,0.9448000000000001,0.5078,P2,1995,1999,4.75773042,,13685.76206280794,,,2.126707827621959,0.2,55.96,0.43200000000000005
BRB,Barbados,0.6488,0.7636000000000001,2.0,2.18,2.023,0.913,0.091,P2,1995,1999,9.0086424,,19818.02291043216,36.0569381713867,,2.958739648147332,0.0,44.839999999999996,3.406
BWA,Botswana,0.5972,0.6942,2.2,1.8274000000000001,2.3,0.899,0.138,P2,1995,1999,7.07,,12266.13765492462,5.790470004081725,,6.2594010869880625,0.0,56.9,3.138
CHL,Chile,0.7844,0.8501999999999998,2.8,1.565,2.739,0.9458,0.061,P2,1995,1999,8.9284324,,16277.955009355259,,,5.533856940371384,0.0,50.760000000000005,1.116
COL,Colombia,0.4246,0.5504,2.0,2.246,0.999,0.646,0.434,P2,1995,1999,6.70727284,,11217.84510732524,,,1.4108709659054575,0.2,51.46,1.624
CPV,Cape Verde,0.683,0.7684,2.0,1.348,1.8670000000000002,0.898,0.23700000000000002,P2,1995,1999,,,3350.6240913427537,1.54689002037048,,12.083304260615979,0.2,50.7,2.72
CRI,Costa Rica,0.8395999999999999,0.893,3.0,1.943,3.653,0.977,0.19519999999999998,P2,1995,1999,7.3818444,,13031.882634580881,,,4.470139612221464,0.2,43.04,1.1
CYP,Cyprus,0.6332,0.7716000000000001,2.0,1.3514,2.251,0.898,0.18519999999999998,P2,1995,1999,9.4225,,32393.613671875,,,4.672155728037469,0.0,29.48,2.682
CZE,Czechia,0.8122,0.8880000000000001,3.0,1.6599999999999997,1.6949999999999998,0.884,0.26280000000000003,P2,1995,1999,10.422,,27758.064842529642,,,2.1558724518529186,0.0,,
DOM,Dominican Republic,0.3186,0.5786,1.8,-0.7602,1.9522000000000002,0.876,0.7748,P2,1995,1999,6.1392741200000005,,9625.11435954393,21.4665298461914,,6.644620008737841,0.0,47.08,1.344
ECU,Ecuador,0.4508,0.6958,2.0,0.15220000000000003,1.932,0.8666,0.6910000000000001,P2,1995,1999,7.1494117,,9578.687362078203,,,1.367860905616298,0.0,51.08,2.042
EST,Estonia,0.8048,0.869,2.8,1.97,2.647,0.945,0.1498,P2,1995,1999,11.4018914,,17181.05750849906,,,5.286903399628356,0.6,33.760000000000005,1.1019999999999999
FJI,Fiji,0.39480000000000004,0.5344,2.0,-1.026,0.642,0.725,0.309,P2,1995,1999,7.86476734,,8845.635888167082,,,3.039999754159266,0.0,41.08,2.9859999999999998
GHA,Ghana,0.46699999999999997,0.5589999999999999,1.8,1.6830000000000003,2.383,0.9006000000000001,0.6406000000000001,P2,1995,1999,4.98227784,,3165.2140521473802,,,4.402325035440532,0.4,40.92,2.2960000000000003
GTM,Guatemala,0.27159999999999995,0.46699999999999997,1.0,0.8009999999999999,2.0754,0.8422000000000001,0.7894,P2,1995,1999,3.7096571600000003,,8401.997177193029,8.65814971923828,,4.222201465651594,0.0,50.46,1.764
GUY,Guyana,0.3146,0.477,1.4,0.492,1.7570000000000001,0.752,0.48580000000000007,P2,1995,1999,5.77740452,,7760.656788160772,10.304533322652157,,4.089735404157242,0.2,45.480000000000004,3.16
HND,Honduras,0.3074,0.5538000000000001,2.0,-0.5888,1.6734000000000002,0.8019999999999999,0.845,P2,1995,1999,4.39617896,,3497.9653789326317,11.275984001159687,,18.64232505568518,0.2,51.8,1.682
HRV,Croatia,0.25060000000000004,0.41459999999999997,1.0,-0.715,-0.0704,0.4908,0.5788,P2,1995,1999,8.7020002,,19509.7793334171,,,4.0861337800190025,0.2,28.139999999999997,1.8960000000000001
HUN,Hungary,0.7546,0.8422000000000001,3.0,1.7,1.414,0.852,0.25060000000000004,P2,1995,1999,9.9636362,,19841.7847624545,,,2.3005610058750645,0.2,28.060000000000002,0.8480000000000001
IDN,Indonesia,0.13779999999999998,0.28440000000000004,1.2,-1.7514000000000003,0.2278,0.4748,0.8847999999999999,P2,1995,1999,5.131875,,6331.73799503217,12.84181003570556,,1.6804947838528481,0.4,41.82,1.434
IND,India,0.588,0.7407999999999999,2.0,1.486,1.7604,0.8512000000000001,0.551,P2,1995,1999,3.6354131,,2769.3333644976383,6.049053510030113,,6.840801263636801,0.0,42.26,1.548
ISR,Israel,0.6954,0.7732,3.0,1.522,1.528,0.859,0.11700000000000002,P2,1995,1999,10.3751006,,30655.29826943368,,,4.692790603053162,0.0,33.8,1.21
JAM,Jamaica,0.5044000000000001,0.6474,2.0,1.8700000000000003,2.529,0.9315999999999999,0.169,P2,1995,1999,7.27099994,,9924.059800657484,8.55788993835449,,-0.03822274279695374,0.0,44.06,1.802
KOR,South Korea,0.6666000000000001,0.765,3.0,1.2304,1.1164,0.7363999999999999,0.2802,P2,1995,1999,10.248000000000001,,22506.265012327698,,,6.137369887849438,0.2,,
LKA,Sri Lanka,0.34219999999999995,0.5382,2.0,0.651,0.38,0.548,0.438,P2,1995,1999,9.9039854,,5845.583355376558,,,4.940883136281478,0.0,44.86,2.274
LSO,Lesotho,0.264,0.3256,0.2,0.938,1.924,0.8379999999999999,0.5122,P2,1995,1999,4.71801084,,1810.1929004936621,2.23465331395467,,2.921051712803887,0.4,52.120000000000005,4.068
LTU,Lithuania,0.7556,0.826,3.0,1.7100000000000002,1.502,0.8320000000000001,0.192,P2,1995,1999,10.3954106,,13885.70290016782,,,4.596716659032948,0.0,31.360000000000003,1.4140000000000001
LVA,Latvia,0.687,0.804,2.0,1.8288,1.904,0.877,0.3318,P2,1995,1999,11.049517,,12151.57841701794,,,3.9790167902796534,0.8,30.5,1.41
MDA,Moldova,0.42299999999999993,0.5885999999999999,2.0,0.492,0.8806,0.6721999999999999,0.7448,P2,1995,1999,9.972304,,6011.754180434852,,,-3.1080882668983962,0.4,37.54,1.6440000000000001
MDG,Madagascar,0.306,0.5246000000000001,2.0,-0.8522000000000001,1.8039999999999998,0.8305999999999999,0.7747999999999999,P2,1995,1999,3.771086,,1658.8584671636338,2.019818019866946,,3.228518210369154,0.2,43.879999999999995,2.496
MEX,Mexico,0.3358,0.5526,1.8,0.394,0.5172000000000001,0.5474,0.6494,P2,1995,1999,6.44699986,,18581.597533928958,,,3.2893966023583525,0.4,49.38,1.282
MKD,North Macedonia,0.37679999999999997,0.49000000000000005,1.2,0.868,0.49800000000000005,0.5894,0.5374000000000001,P2,1995,1999,6.013749880000001,,10890.430629020839,19.29573173522948,,1.845624218287656,0.4,30.4,1.672
MLI,Mali,0.3936,0.5551999999999999,2.0,0.644,2.512,0.9179999999999999,0.8353999999999999,P2,1995,1999,1.0928991,,2153.550948764788,1.280635988712311,,4.514973735239157,0.4,42.12,2.598
MLT,Malta,0.5952,0.7846,2.0,0.9040000000000001,3.106,0.954,0.173,P2,1995,1999,7.19470452,,24113.006592621,,,5.044477218411608,0.0,,
MNG,Mongolia,0.5946,0.7038,2.0,0.962,2.1716,0.8852,0.3564,P2,1995,1999,8.788337199999999,,5629.02464827565,18.770114135742197,,3.783707984770654,0.2,33.94,2.44
MUS,Mauritius,0.6172,0.7234,3.0,-0.40099999999999997,2.724,0.925,0.465,P2,1995,1999,6.1680000800000006,,11803.62844673596,7.179882645606995,,4.849186087734713,0.0,37.4,2.6079999999999997
MWI,Malawi,0.43,0.5558,2.0,0.9480000000000001,1.438,0.702,0.661,P2,1995,1999,2.66450582,,1210.694057267102,0.4987299938996634,,6.955089963226792,0.2,49.46,2.8939999999999997
NAM,Namibia,0.5524000000000001,0.6698000000000001,2.0,1.874,1.7440000000000002,0.877,0.19,P2,1995,1999,5.7640001,,7637.037634876242,6.318716684977214,,3.594260574233382,0.0,65.76,3.096
NER,Niger,0.24300000000000002,0.3698,1.2,-0.054000000000000006,0.2004,0.6012000000000001,0.5788,P2,1995,1999,1.0215701400000001,,1255.786727703062,,,2.767660555122282,0.2,39.760000000000005,2.944
NIC,Nicaragua,0.4272,0.6452,2.0,-0.889,1.8631999999999997,0.8554,0.7220000000000001,P2,1995,1999,6.42962784,,4420.731085919588,10.3473401069641,,5.39409583043594,0.2,50.660000000000004,1.848
PAN,Panama,0.53,0.706,2.0,0.21200000000000002,1.191,0.736,0.576,P2,1995,1999,7.73900006,,13103.3318157089,33.96069431304932,,5.42790790806025,0.4,51.94,0.8019999999999999
PER,Peru,0.12,0.3414,1.0,-0.9152000000000001,0.901,0.582,0.6866,P2,1995,1999,8.1863636,,7554.4398421219375,28.8669948577881,,3.5581131269057757,0.4,52.160000000000004,1.218
PHL,Philippines,0.42219999999999996,0.563,2.0,0.795,2.36,0.937,0.7272000000000001,P2,1995,1999,7.453,,4627.04716214743,27.4414048194885,,3.7008690495073884,0.2,43.12,2.096
PNG,Papua New Guinea,0.414,0.5376000000000001,2.0,1.7420000000000002,2.407,0.8949999999999999,0.612,P2,1995,1999,3.15422108,,3832.34964360027,2.67262250185013,,-0.2793403720945319,0.2,47.5,3.7425
POL,Poland,0.7996000000000001,0.8788,3.0,2.4,2.1012,0.9134,0.084,P2,1995,1999,10.8608838,,15933.007524010342,,,5.940647903368794,0.0,29.74,0.6439999999999999
PRY,Paraguay,0.3822,0.527,2.0,0.281,1.951,0.8149999999999998,0.8936,P2,1995,1999,6.4772727,,10800.90685936184,11.436149915059431,,2.268213916288341,0.0,53.279999999999994,1.1039999999999999
ROU,Romania,0.42219999999999996,0.5984,2.0,-0.414,1.7184000000000001,0.8366,0.709,P2,1995,1999,9.1849998,,14824.018142175759,,,0.5771354444857193,,28.18,0.8099999999999999
SEN,Senegal,0.472,0.6388,2.0,-0.347,2.115,0.917,0.414,P2,1995,1999,1.8087735200000001,,2897.39576521681,3.1579350233078003,,4.543190133918747,0.2,42.1,2.694
SLB,Solomon Islands,0.40119999999999995,0.5226,2.0,0.767,1.779,0.857,0.3912,P2,1995,1999,5.0534787,,2865.040774540078,,,2.3180454714195404,0.0,,
SLV,El Salvador,0.2844,0.493,1.2,-0.43499999999999994,1.437,0.8048,0.719,P2,1995,1999,4.59857132,,7246.949381631262,20.384767532348675,,2.6995648811355895,0.6,47.839999999999996,1.714
STP,Sao Tome and Principe,0.5016,0.628,2.0,0.921,1.25,0.787,0.253,P2,1995,1999,4.46771062,,3819.0585060642798,,,1.8992635745249575,0.0,,
SUR,Suriname,0.649,0.7644,2.0,1.7869999999999997,2.437,0.9280000000000002,0.20220000000000002,P2,1995,1999,,,16462.88692729486,,,1.5200000174210502,0.0,,
SVK,Slovakia,0.5970000000000001,0.743,2.2,1.7411999999999999,1.313,0.7864,0.35760000000000003,P2,1995,1999,9.02,,17328.21241021128,,,4.160351959309379,0.0,24.139999999999997,1.1480000000000001
SVN,Slovenia,0.7618,0.8417999999999999,3.0,2.227,1.9911999999999999,0.9036,0.1302,P2,1995,1999,9.5038462,,26758.51930041742,,,4.104789468740305,0.0,23.259999999999998,0.9339999999999999
THA,Thailand,0.3404,0.45919999999999994,1.4,0.769,1.1498,0.7487999999999999,0.7183999999999999,P2,1995,1999,5.32522076,,11702.72789423406,26.29304161071778,,1.591391424652414,0.2,44.12,1.516
TTO,Trinidad and Tobago,0.646,0.7752000000000001,2.0,1.9460000000000002,2.514,0.9389999999999998,0.148,P2,1995,1999,8.436111,,16043.22502698958,5.81035995483398,,6.923325374955594,0.0,42.82,3.342
TWN,Taiwan,0.4266,0.556,1.6,-0.073,1.5572,0.8253999999999999,0.38,P2,1995,1999,,,,,,,,29.0,0.732
UKR,Ukraine,0.28900000000000003,0.4976,1.6,-0.6876,0.6576000000000001,0.5805999999999999,0.8274000000000001,P2,1995,1999,10.452694600000001,,10011.4119140625,45.2685794830322,,-5.460000000282058,0.8,31.22,1.3039999999999998
URY,Uruguay,0.7982,0.873,3.0,0.881,2.429,0.952,0.041,P2,1995,1999,7.698827420000001,,18325.63638515956,33.00750287373864,,3.135197234580222,0.6,39.56,0.75
VEN,Venezuela,0.5652,0.7274,2.0,0.40380000000000005,2.0244,0.8560000000000001,0.7005999999999999,P2,1995,1999,7.0772724600000005,,,,,0.8896565546573403,0.2,42.94,1.306
VUT,Vanuatu,0.5176000000000001,0.6172,2.0,1.9310000000000003,2.614,0.933,0.441,P2,1995,1999,,,3257.045764652486,4.55672979354858,,1.9504481437302708,0.0,,
ZAF,South Africa,0.562,0.672,2.8,1.392,3.5510000000000006,0.9800000000000001,0.3992,P2,1995,1999,8.07672668,,10647.66482293806,,,2.5799999994160623,0.0,61.7,1.902
ARG,Argentina,0.655,0.8188000000000001,2.0,1.0586,2.0534000000000003,0.9166000000000001,0.51,P3,2000,2004,9.3994,,20703.225902806,60.579324340820314,,0.3548581292435962,0.6,46.62,1.108
ARM,Armenia,0.1986,0.385,1.0,-0.7415999999999999,1.6802,0.7626000000000001,0.8545999999999999,P3,2000,2004,10.5743879,,5846.62768955031,33.74702606201172,,10.640000000140558,0.2,39.160000000000004,1.302
BEN,Benin,0.4976,0.6068,2.0,0.572,1.876,0.874,0.64,P3,2000,2004,2.41661,,2613.86041317762,4.707238006591796,6.62698090721438,4.741428422396856,0.2,43.46666666666666,2.3033333333333332
BFA,Burkina Faso,0.3244,0.5168,2.0,-0.143,2.544,0.93,0.519,P3,2000,2004,,,1508.725249702826,1.3201700051625567,34.269212209023,5.0271578979500955,0.2,45.839999999999996,2.3619999999999997
BGD,Bangladesh,0.25060000000000004,0.487,1.4,0.165,1.138,0.7418,0.8286,P3,2000,2004,4.4727809999999995,,2882.7354407512603,5.777530002593997,,4.836561348810764,0.2,33.72,2.058
BGR,Bulgaria,0.615,0.7144,2.0,1.082,1.542,0.844,0.37,P3,2000,2004,10.0718666,,14385.6168241321,42.25424194335935,,5.20608791525422,0.4,32.96,1.472
BIH,Bosnia and Herzegovina,0.41559999999999997,0.6502000000000001,2.0,0.727,2.658,0.9109999999999999,0.6759999999999999,P3,2000,2004,6.639207400000001,,8446.934857724616,17.839816093444817,,4.611495447517832,0.2,38.325,2.515
BLR,Belarus,0.1008,0.25339999999999996,1.0,-2.206,-0.6188,0.3056,0.361,P3,2000,2004,10.5580456,,12772.70381169988,58.93767242431642,,6.812702516753125,0.0,25.080000000000002,0.908
BOL,Bolivia,0.5226,0.7342,2.0,-0.11259999999999999,1.8434000000000001,0.8588000000000001,0.706,P3,2000,2004,7.11337784,,7594.220788121345,,,2.712362220044116,0.2,53.94,1.29
BRA,Brazil,0.7198,0.8548,2.0,0.694,2.356,0.9490000000000001,0.5294000000000001,P3,2000,2004,5.6260892,,14291.602162176161,,,3.146420268114794,0.4,52.82000000000001,0.492
BRB,Barbados,0.6528,0.768,2.0,2.18,2.023,0.913,0.091,P3,2000,2004,9.2012856,,21527.98605082112,41.5664443969727,,1.2912412188344988,0.0,44.660000000000004,3.4
BWA,Botswana,0.6086,0.7041999999999999,3.0,1.657,2.3,0.899,0.145,P3,2000,2004,7.878,,13491.45077432468,8.183880138397218,,3.1279034231324987,0.0,57.42,2.996
CHL,Chile,0.8144,0.8784000000000001,3.0,1.565,2.739,0.9480000000000001,0.061,P3,2000,2004,9.423992,,18500.125714881717,40.8861198425293,,4.545190996987508,0.0,50.14,1.1640000000000001
COL,Colombia,0.42139999999999994,0.5396000000000001,2.0,2.246,1.0182,0.6554,0.40800000000000003,P3,2000,2004,6.9663637,,11070.66458971596,26.976877212524425,,3.271606845412868,0.2,51.379999999999995,0.714
CPV,Cape Verde,0.6816000000000001,0.767,2.0,1.5735999999999999,1.8670000000000002,0.898,0.207,P3,2000,2004,5.38432768,,4774.170525419528,3.4864840269088746,,7.228149303938463,0.2,50.78,2.43
CRI,Costa Rica,0.842,0.8936,3.0,1.943,3.653,0.977,0.17519999999999997,P3,2000,2004,7.7567116,,14595.965360518781,25.8056793212891,,3.903708767438882,0.0,45.54,1.044
CYP,Cyprus,0.6804,0.8082,2.2,1.6732,2.251,0.9092,0.1748,P3,2000,2004,10.2350002,,37999.56171875,28.672624588012674,,4.258082767610002,0.0,29.080000000000002,2.428
CZE,Czechia,0.8078,0.8846,3.0,1.6599999999999997,1.6949999999999998,0.8880000000000001,0.258,P3,2000,2004,11.3653332,,31229.69337080294,38.38665199279785,,3.2957050339653877,0.0,,
DOM,Dominican Republic,0.38680000000000003,0.668,2.0,-0.695,2.144,0.908,0.756,P3,2000,2004,6.620826060000001,,11066.532622468181,33.6751098632812,,2.5687617275496577,0.2,48.92,1.082
ECU,Ecuador,0.4484,0.6925999999999999,2.0,-0.37120000000000003,1.8942,0.8603999999999999,0.7074,P3,2000,2004,7.434705719999999,,9675.840208965576,,,3.98861334647804,0.4,50.42,1.4060000000000001
EST,Estonia,0.8092,0.8695999999999999,3.0,1.97,2.647,0.9481999999999999,0.0526,P3,2000,2004,12.5200002,,23762.957556959842,62.616061210632296,,7.459677643893544,0.2,34.56,0.938
FJI,Fiji,0.2774,0.39540000000000003,1.0,-0.49160000000000004,0.642,0.725,0.2922,P3,2000,2004,8.5354546,,9342.90946533089,14.672269821167,,1.9599999787592632,0.0,40.22,2.522
GHA,Ghana,0.6174,0.7162,2.4,1.6830000000000003,2.383,0.923,0.6077999999999999,P3,2000,2004,5.31795112,,3447.5187015282418,,,4.599999978520406,0.2,42.08,2.35
GTM,Guatemala,0.36419999999999997,0.5442,2.0,0.8009999999999999,2.357,0.868,0.8221999999999999,P3,2000,2004,3.8401088000000003,,8874.621280310046,9.50201988220215,,3.09580503465099,0.4,49.88,1.05
GUY,Guyana,0.3586,0.564,2.0,1.008,2.387,0.8573999999999999,0.569,P3,2000,2004,6.1733671,,8244.598605195064,8.752540111541755,,0.5958942881338346,0.2,46.38,3.5420000000000003
HND,Honduras,0.329,0.5592,2.0,-0.008,1.989,0.8497999999999999,0.8427999999999999,P3,2000,2004,4.7310054,,4677.173973707211,14.900026639302567,,5.373818192756864,0.2,52.739999999999995,1.276
HRV,Croatia,0.6168,0.7638,2.0,0.6482,1.701,0.825,0.33140000000000003,P3,2000,2004,10.0138002,,24053.7563952058,40.49827098846438,,4.319734809399582,0.6,26.78,1.3519999999999999
HUN,Hungary,0.7546,0.8412,3.0,1.7,1.414,0.852,0.2758,P3,2000,2004,10.4031818,,24248.08345058736,51.46177291870115,,4.4206738944740325,0.0,28.04,0.9620000000000001
IDN,Indonesia,0.5124000000000001,0.6706000000000001,2.0,1.0038,1.6,0.837,0.758,P3,2000,2004,6.497500099999999,,6414.2979112651,15.112998008728022,,4.57485053035657,0.2,40.839999999999996,1.348
IND,India,0.5831999999999999,0.7352000000000001,2.0,1.486,1.558,0.8225999999999999,0.551,P3,2000,2004,4.29673886,,3328.2121694554125,10.594916152954116,27.2205840705591,5.6504501662354745,0.0,45.22,1.2879999999999998
ISR,Israel,0.6872,0.763,3.0,1.522,0.961,0.7442,0.12,P3,2000,2004,10.6802502,,32443.77286790584,54.16513061523435,,2.964579850842681,0.0,35.86,0.9019999999999999
JAM,Jamaica,0.5796,0.7062,2.0,1.8700000000000003,2.609,0.938,0.169,P3,2000,2004,7.68849986,,9937.531455276496,16.91465759277344,32.6499247923615,1.8421933506864518,0.0,44.660000000000004,1.7239999999999998
KOR,South Korea,0.7586,0.8328,3.0,1.5156,1.369,0.8030000000000002,0.1908,P3,2000,2004,10.8679999,,28992.41616326138,81.40131072998048,,5.986031284494004,0.0,,
LKA,Sri Lanka,0.32920000000000005,0.5122,1.6,0.651,0.38,0.5436,0.4276,P3,2000,2004,10.5393208,,6573.886039133508,,,3.9609262133272063,0.4,46.78,2.222
LSO,Lesotho,0.3588,0.4708,1.0,0.938,1.924,0.8379999999999999,0.579,P3,2000,2004,5.4205055,,2053.403295157396,2.3266099691390973,,2.882623202857247,0.2,50.82,4.056
LTU,Lithuania,0.7567999999999999,0.8173999999999999,3.0,1.7100000000000002,1.502,0.8526,0.193,P3,2000,2004,11.317029,,18618.2531586058,66.23737239837648,,6.735303898468932,0.4,32.5,1.202
LVA,Latvia,0.7076,0.8181999999999998,2.0,1.8980000000000001,1.904,0.8798,0.21600000000000003,P3,2000,2004,11.8005252,,17327.6930176774,69.23596572875975,,7.424273692910546,0.2,33.68,1.3900000000000001
MDA,Moldova,0.3862,0.5218,2.0,0.3168,0.2834,0.5346,0.7924,P3,2000,2004,10.477345099999999,,6601.0736155549985,,,6.001543166079289,0.2,38.14,1.232
MDG,Madagascar,0.2646,0.48319999999999996,1.0,-0.8554,1.8039999999999998,0.8404,0.7646,P3,2000,2004,4.16650064,,1628.249959900376,2.0775120019912743,,2.6142038701422123,0.2,43.86,2.268
MEX,Mexico,0.49260000000000004,0.6916,2.0,0.9719999999999999,1.7515999999999998,0.8257999999999999,0.5788,P3,2000,2004,6.97499986,,20024.43863865288,22.19398193359376,,1.818567323041615,0.0,47.96,1.15
MKD,North Macedonia,0.4034,0.5328,1.6,0.22200000000000003,1.2434,0.7816,0.5466,P3,2000,2004,7.158453199999999,,12030.35961847144,25.930233383178738,,1.97444717346693,0.4,32.9,1.456
MLI,Mali,0.395,0.5774,2.0,0.644,2.512,0.9216000000000001,0.8512000000000001,P3,2000,2004,1.25472318,,2455.922831357172,1.85079332192739,,5.87614692412619,0.2,40.92,1.9419999999999997
MLT,Malta,0.5978,0.787,2.0,0.9040000000000001,3.106,0.954,0.173,P3,2000,2004,8.39399994,,31416.48368699962,26.490244388580326,,5.153173251056449,0.0,,
MNG,Mongolia,0.551,0.67,2.0,0.962,2.428,0.8939999999999999,0.5988,P3,2000,2004,9.24,,6277.550641924052,34.76791229248048,,5.292358336030624,0.2,34.120000000000005,2.222
MUS,Mauritius,0.6454000000000001,0.7343999999999999,3.0,0.9269999999999999,2.724,0.925,0.465,P3,2000,2004,6.7036364399999995,,14226.632419367419,15.058308219909659,,4.684143295742402,0.0,37.42,2.4219999999999997
MWI,Malawi,0.3832,0.4742,1.0,0.9480000000000001,1.4852,0.6880000000000001,0.646,P3,2000,2004,3.3178634799999998,,1182.831689664958,0.3871679961681364,51.2863957622485,1.8854501985279561,0.2,46.9,2.508
NAM,Namibia,0.537,0.6522,2.0,1.874,2.3298,0.9148,0.19,P3,2000,2004,5.8944896799999995,,8206.080265459728,6.614633242289223,9.8409972573689,5.193627135330064,0.0,65.64,2.752
NER,Niger,0.4074,0.5444000000000001,2.0,-0.054000000000000006,1.226,0.7948000000000001,0.586,P3,2000,2004,1.2453024400000001,,1219.1630884770439,0.811944991350174,,2.7025079399073504,0.2,39.94,2.6100000000000003
NIC,Nicaragua,0.3742,0.5913999999999999,2.0,-0.8438000000000001,1.1907999999999999,0.769,0.7514000000000001,P3,2000,2004,7.0553298,,4995.410932943458,17.9654998779297,,3.1298552164817086,0.2,48.260000000000005,1.714
PAN,Panama,0.5568000000000001,0.7362,2.0,0.21200000000000002,1.5878,0.8048,0.576,P3,2000,2004,8.16,,14868.12299767382,42.4571891784668,,4.188054269217374,0.2,51.6,0.796
PER,Peru,0.5404,0.7024,1.8,1.5718,1.7898,0.8348000000000001,0.5366,P3,2000,2004,8.4818186,,7976.541433930672,31.21484985351562,,3.5778038009319317,0.6,51.6,0.8939999999999999
PHL,Philippines,0.3978,0.5352,1.8,0.6512,2.1759999999999997,0.922,0.7628,P3,2000,2004,8.105000100000002,,4921.634645835514,27.692924976348873,,4.560826198797934,0.0,42.8,2.058
PNG,Papua New Guinea,0.41479999999999995,0.5388,2.0,1.7420000000000002,2.407,0.8949999999999999,0.612,P3,2000,2004,3.48450602,,3150.02599096858,,,0.42204942239110393,0.2,47.5,3.7920000000000003
POL,Poland,0.8089999999999999,0.8812,3.0,2.4,1.8060000000000003,0.897,0.084,P3,2000,2004,11.4598514,,19453.631299740642,59.561750411987305,,3.28108763800311,0.0,30.660000000000004,0.782
PRY,Paraguay,0.40199999999999997,0.556,2.0,0.085,1.951,0.8173999999999999,0.8496,P3,2000,2004,7.0074546,,9889.848795094493,23.79840393066408,,1.0417128338437012,0.2,52.52,1.09
ROU,Romania,0.4304,0.6012,2.0,-0.17439999999999997,1.7269999999999999,0.8352,0.7656000000000001,P3,2000,2004,9.7298002,,16976.76686034514,35.61556482315065,,5.2303303427389,,30.76,1.046
SEN,Senegal,0.5115999999999999,0.6672,2.0,-0.347,2.115,0.917,0.40040000000000003,P3,2000,2004,1.5817688799999998,,3145.6375183350983,4.75202989578247,,3.7008007760976156,0.2,41.660000000000004,2.5100000000000002
SLB,Solomon Islands,0.3196,0.43260000000000004,1.6,0.767,1.779,0.8318,0.532,P3,2000,2004,5.170560419999999,,2102.266946080554,,,-2.16529614078262,0.0,,
SLV,El Salvador,0.328,0.535,2.0,-0.2122,1.437,0.818,0.7258,P3,2000,2004,5.227142779999999,,7684.64931279341,20.13190383911132,,1.2070473202786358,0.0,46.86,1.156
STP,Sao Tome and Principe,0.5105999999999999,0.6394,2.0,0.921,1.25,0.787,0.32920000000000005,P3,2000,2004,4.75047008,,4013.3740633397306,,,3.7404929585137436,0.2,,
SUR,Suriname,0.6626000000000001,0.7792,2.0,1.7869999999999997,2.437,0.9280000000000002,0.199,P3,2000,2004,7.74,,17084.84272579118,11.2604503631592,,4.77999991895653,0.0,,
SVK,Slovakia,0.7484,0.8465999999999999,3.0,1.629,1.313,0.86,0.318,P3,2000,2004,10.466800000000001,,19919.37994262994,33.69232082366943,,3.675567163801218,0.0,26.4,1.1620000000000001
SVN,Slovenia,0.7468,0.8362,3.0,1.561,2.05,0.906,0.11539999999999999,P3,2000,2004,11.1653845,,31973.823871807883,67.61343097686768,,3.470048248997648,0.0,23.2,0.842
THA,Thailand,0.3968,0.533,2.0,0.769,1.5867999999999998,0.796,0.662,P3,2000,2004,6.432188259999999,,12664.0665312582,39.5327621459961,,5.505423510280376,0.0,43.36,1.434
TTO,Trinidad and Tobago,0.652,0.7708,2.0,1.9460000000000002,2.514,0.9389999999999998,0.1372,P3,2000,2004,9.2833336,,22709.97826732386,8.226782035827634,,8.279526861881742,0.0,43.14,3.5200000000000005
TWN,Taiwan,0.6808000000000001,0.7802,3.0,1.998,1.7399999999999998,0.9072000000000001,0.3236,P3,2000,2004,,,,,,,,30.119999999999997,0.8619999999999999
UKR,Ukraine,0.248,0.3884,1.0,-0.3134,0.6624,0.5504,0.8678000000000001,P3,2000,2004,11.0374608,,12440.03671875,56.75179595947266,,8.270321920717839,0.2,29.880000000000003,1.1640000000000001
URY,Uruguay,0.7998000000000001,0.8732,3.0,0.881,2.429,0.952,0.041,P3,2000,2004,8.6329522,,17505.11305904522,39.14648361206052,,-1.5393247077516272,0.4,42.480000000000004,0.6679999999999999
VEN,Venezuela,0.2624,0.5118,1.4,-0.7018,0.2372,0.5216000000000001,0.901,P3,2000,2004,7.885963480000001,,,36.4356575012207,,1.7513679122651182,0.0,42.58,1.1
VUT,Vanuatu,0.5182,0.6184000000000001,2.0,1.9310000000000003,2.614,0.933,0.441,P3,2000,2004,,,3073.874318012226,4.841895961761476,,1.1209271453820862,0.0,,
ZAF,South Africa,0.633,0.7472,3.0,1.392,3.5510000000000006,0.9800000000000001,0.41600000000000004,P3,2000,2004,8.24670792,,11706.64299260796,,,3.62080195593917,0.0,62.56,1.934
ARG,Argentina,0.6043999999999999,0.7752000000000001,2.0,0.727,1.4857999999999998,0.861,0.551,P4,2005,2009,10.307999599999999,,25679.20091809418,67.27105407714843,33.3358348155909,4.80903406454536,0.0,42.58,1.092
ARM,Armenia,0.182,0.3316,1.0,-0.821,1.5493999999999999,0.7310000000000001,0.8628,P4,2005,2009,10.9099997,,10131.539578942795,43.87397003173828,60.824312860016946,6.7199999999711775,0.6,36.56,1.0859999999999999
BEN,Benin,0.519,0.6388,2.0,0.572,1.876,0.8702,0.604,P4,2005,2009,2.5234167,,2709.904103988504,7.146683979034424,,3.771824387394152,0.2,44.94,2.086
BFA,Burkina Faso,0.3336,0.5328,2.0,-0.143,2.544,0.93,0.525,P4,2005,2009,1.14729626,,1734.067281918306,2.600606012344362,,5.557671906784597,0.2,43.6,2.4219999999999997
BGD,Bangladesh,0.1696,0.346,0.8,-0.11539999999999999,0.9251999999999999,0.7074,0.8364,P4,2005,2009,4.879999939999999,,3595.606216719266,7.996975994110113,13.9831727764299,6.26507276712002,0.0,34.1,2.25
BGR,Bulgaria,0.6058,0.7028,2.0,1.082,1.542,0.8426,0.3916,P4,2005,2009,10.5068,,20048.08364704366,50.58384399414062,73.6079265727371,4.6591486026730005,0.0,33.120000000000005,1.238
BIH,Bosnia and Herzegovina,0.3872,0.5922000000000001,2.0,0.727,2.658,0.9096,0.682,P4,2005,2009,6.81452004,,11046.832454536521,30.66918563842774,57.6229196453377,3.521538971680016,0.2,39.18,2.504
BLR,Belarus,0.0954,0.2262,1.0,-2.206,-0.706,0.27220000000000005,0.359,P4,2005,2009,11.0062206,,19864.82846081294,70.31269989013671,74.4115584727974,7.679999512404142,0.2,25.1,1.008
BOL,Bolivia,0.46840000000000004,0.7243999999999999,2.0,-0.7108,1.7109999999999999,0.8772,0.6912,P4,2005,2009,7.118399940000001,,8530.946381631711,,56.75324056314882,4.657664733649396,0.0,50.08,1.1380000000000001
BRA,Brazil,0.7698,0.8666,2.0,1.668,2.356,0.9490000000000001,0.49420000000000003,P4,2005,2009,6.481999999999999,,16274.377180515821,,49.69642223924285,3.6404749647234502,0.0,48.54,0.396
BRB,Barbados,0.6557999999999999,0.773,2.0,2.18,2.023,0.913,0.091,P4,2005,2009,9.572071,,23487.87616953658,67.22240829467775,,1.5442744990500494,0.0,44.54,3.274
BWA,Botswana,0.6192,0.7172,3.0,1.657,2.354,0.9032,0.1454,P4,2005,2009,8.516,,15003.608220790022,13.15538196563721,73.7742720372755,1.5641821729904137,0.0,57.46,3.116
CHL,Chile,0.8358000000000001,0.8892,3.0,1.565,2.739,0.9480000000000001,0.061,P4,2005,2009,9.8820002,,22457.86240741158,54.216797637939464,90.06626193529104,3.945324620005034,0.0,47.88,1.1199999999999999
COL,Colombia,0.453,0.5736,2.0,2.246,1.0806,0.7134,0.4098,P4,2005,2009,7.168000000000001,,13026.39913533492,35.91046447753906,,4.541383865747442,0.2,51.98,0.52
CPV,Cape Verde,0.693,0.778,2.0,1.6299999999999997,1.8670000000000002,0.898,0.207,P4,2005,2009,5.56251302,,6487.654401497888,10.265606021881089,29.6796462396517,7.120464190099737,0.0,49.7,2.472
CRI,Costa Rica,0.8506,0.9046,3.0,1.8258000000000003,3.653,0.977,0.18519999999999998,P4,2005,2009,8.1493737,,17266.86984661634,,71.423566945372,4.6766425437853085,0.2,45.7,1.052
CYP,Cyprus,0.7172,0.8336,3.0,1.874,2.251,0.9339999999999999,0.1378,P4,2005,2009,11.084,,42866.1921875,38.63627014160158,,3.259380908089176,0.0,29.080000000000002,1.94
CZE,Czechia,0.819,0.8939999999999999,3.0,1.8039999999999998,1.6949999999999998,0.8880000000000001,0.26,P4,2005,2009,12.1342668,,38291.02344861146,54.501782989501955,,3.260194341897936,0.0,,
DOM,Dominican Republic,0.378,0.6416000000000001,2.0,-0.7121999999999999,2.144,0.9056000000000001,0.756,P4,2005,2009,7.089328879999999,,13352.3798240987,,22.69595209405863,6.0585882500274995,0.4,48.519999999999996,1.058
ECU,Ecuador,0.3968,0.6618,2.0,-0.15460000000000002,1.509,0.7847999999999999,0.6848,P4,2005,2009,7.691764600000001,,11084.91411111084,38.1871795654297,63.092704146437,3.859623334960588,0.0,47.660000000000004,1.1019999999999999
EST,Estonia,0.8116,0.8715999999999999,3.0,1.97,2.647,0.953,0.0372,P4,2005,2009,13.203999999999999,,32595.96395207384,68.25730438232424,,1.4202019767854765,0.0,32.14,0.8400000000000001
FJI,Fiji,0.189,0.2638,0.6,-0.6952,-0.1764,0.515,0.2652,P4,2005,2009,9.2388544,,9700.748158087776,14.4559001922607,14.3335223248845,0.26971729540105643,0.0,39.5,2.406
GHA,Ghana,0.6376000000000001,0.7365999999999999,3.0,1.4724,2.383,0.9301999999999999,0.625,P4,2005,2009,5.58035578,,3989.2472767165004,6.4518139839172335,5.6778047953446,6.12820430384022,0.2,43.06,2.4699999999999998
GTM,Guatemala,0.3848,0.5658,2.0,0.8009999999999999,2.357,0.868,0.8006,P4,2005,2009,3.8899999999999997,,9577.762257364964,16.1975054740906,50.5890503043425,3.7471131020094988,0.2,47.88,1.53
GUY,Guyana,0.3684,0.5818,2.0,1.008,2.387,0.8732,0.569,P4,2005,2009,6.8372468799999995,,9156.83441400348,10.73770008087158,,3.147323992278694,0.0,47.1,3.9133333333333336
HND,Honduras,0.3128,0.5124000000000001,1.8,0.4888,1.8940000000000001,0.8356,0.8452,P4,2005,2009,5.03907028,,5332.437877713346,17.5304298400879,50.98169971628275,4.121228434185798,0.2,51.879999999999995,1.19
HRV,Croatia,0.6396,0.7788,2.0,0.756,1.739,0.8305999999999999,0.43600000000000005,P4,2005,2009,10.656000299999999,,29464.7277732403,50.14651489257812,67.9857646076079,1.9211976754175197,0.0,26.96,1.242
HUN,Hungary,0.7586,0.8448,3.0,1.7,1.3135999999999999,0.8283999999999999,0.2786,P4,2005,2009,11.320000199999999,,28508.57391090274,64.7184745788574,89.4449900176754,0.56396803010913,0.2,27.139999999999997,0.968
IDN,Indonesia,0.5352,0.6968,2.0,1.0886,1.6,0.851,0.7464000000000001,P4,2005,2009,7.261374999999999,,7795.664756936257,18.8509662628174,41.6040097427849,5.636224019672444,0.0,42.3,1.526
IND,India,0.5638,0.7138,2.0,1.486,0.899,0.76,0.551,P4,2005,2009,4.74200672,,4314.638485472508,13.81460990905762,21.4540260621091,6.918713030448188,0.0,47.6,1.236
ISR,Israel,0.6836,0.759,3.0,1.522,0.868,0.728,0.11479999999999999,P4,2005,2009,12.063000200000001,,35566.37145179238,56.799433898925784,,4.154518590816764,0.0,37.4,0.8859999999999999
JAM,Jamaica,0.6428,0.7634000000000001,2.0,1.8700000000000003,2.609,0.938,0.169,P4,2005,2009,8.10599994,,10381.362015190882,19.774169921874975,,0.013567751490306179,0.0,44.04,1.8800000000000001
KOR,South Korea,0.7212,0.8039999999999999,3.0,1.295,1.3210000000000002,0.7842,0.1472,P4,2005,2009,11.055,,35562.67107817314,100.8126434326172,,3.853894368852064,0.0,,
LKA,Sri Lanka,0.246,0.383,1.0,0.6077999999999999,-0.45120000000000005,0.29619999999999996,0.5624,P4,2005,2009,10.4148,,8386.351985937705,,32.72139408981475,6.0391732523379416,0.2,47.82,2.1740000000000004
LSO,Lesotho,0.43,0.5831999999999999,2.0,0.938,1.924,0.8363999999999999,0.57,P4,2005,2009,5.76098494,,2450.742157431508,3.561694979667665,,3.2307586851509695,0.0,50.1,4.208
LTU,Lithuania,0.7676000000000001,0.8272,3.0,1.7100000000000002,1.502,0.8550000000000001,0.148,P4,2005,2009,12.132,,27221.6282202332,83.93921508789063,81.9053106894969,2.7931411993748023,0.0,33.5,0.9400000000000001
LVA,Latvia,0.6956,0.8028000000000001,2.2,1.9162,1.904,0.8878,0.154,P4,2005,2009,12.306000000000001,,26463.311303174436,73.69548797607419,79.19096458542134,3.0852273584236642,0.2,35.18,1.1320000000000001
MDA,Moldova,0.3474,0.4422,1.0,0.273,0.2404,0.5196,0.7988000000000001,P4,2005,2009,11.1925461,,8831.653693502672,,,3.420000018764622,0.2,36.980000000000004,1.244
MDG,Madagascar,0.23760000000000003,0.4506,1.2,-1.4106,1.8218,0.8432000000000001,0.7722,P4,2005,2009,4.56722964,,1706.843012326106,3.022353982925416,,3.719768333970824,0.2,43.160000000000004,2.386
MEX,Mexico,0.4704,0.6646,2.0,0.9719999999999999,1.8923999999999999,0.8328,0.6093999999999999,P4,2005,2009,7.866,,20544.690741109902,25.16738395690918,24.7955725869768,0.7288411785903726,0.0,46.68,0.958
MKD,North Macedonia,0.42679999999999996,0.5730000000000001,2.0,0.3872,1.3154,0.7768,0.5814,P4,2005,2009,8.546693600000001,,14942.702753704978,34.75262184143066,,4.289597438850907,0.2,35.04,1.514
MLI,Mali,0.41180000000000005,0.617,2.0,0.644,2.512,0.9269999999999999,0.8542,P4,2005,2009,1.56325212,,2543.21992216016,5.043179988861085,1.30579913373027,3.4162946831160825,0.2,38.96,1.72
MLT,Malta,0.6056,0.796,2.0,0.9040000000000001,3.106,0.9506,0.1786,P4,2005,2009,9.925999999999998,,34594.670735690415,33.4418380737305,,2.6538346483589077,0.0,27.150000000000002,2.06
MNG,Mongolia,0.5548,0.6716,2.0,0.962,2.428,0.8892,0.6477999999999999,P4,2005,2009,9.74,,8553.962156198677,47.92607040405274,93.1628501218588,6.737937123640438,0.2,34.379999999999995,2.0
MUS,Mauritius,0.6432,0.737,3.0,0.9269999999999999,2.617,0.922,0.465,P4,2005,2009,7.712727719999999,,16878.97178702592,25.52176971435546,40.867605271942,4.21442866557937,0.0,37.7,2.284
MWI,Malawi,0.3726,0.45339999999999997,1.0,0.96,1.674,0.773,0.6317999999999999,P4,2005,2009,4.07769286,,1319.700670643284,0.4699433346589406,,6.707314383180394,0.0,45.22,2.248
NAM,Namibia,0.5468,0.6616000000000001,2.0,1.874,2.521,0.9259999999999999,0.19,P4,2005,2009,6.23206832,,9926.695457596496,7.784506479899086,16.1301058947803,3.5844530160257158,0.0,65.22,2.648
NER,Niger,0.3948,0.5452,1.8,0.14420000000000002,1.3276,0.8022,0.6148,P4,2005,2009,1.43526386,,1264.998148868508,1.0222620129585256,,5.219931606935144,0.4,39.160000000000004,2.1740000000000004
NIC,Nicaragua,0.262,0.49939999999999996,1.4,-1.6962,0.5578000000000001,0.626,0.8099999999999999,P4,2005,2009,7.654061919999999,,5580.408183757226,,53.57273311828285,2.730949546345778,0.2,44.8,1.6620000000000001
PAN,Panama,0.5474,0.7365999999999999,2.0,0.21200000000000002,1.687,0.8160000000000001,0.576,P4,2005,2009,8.8599998,,19791.57262472036,42.68121795654296,65.54651815147236,8.619156800310785,0.0,49.1,0.836
PER,Peru,0.6514,0.7962,2.0,1.7158000000000002,1.957,0.8648,0.5298,P4,2005,2009,8.09,,10228.025984197442,33.18965530395505,58.257046765641505,6.5109478197915625,0.2,50.22,0.908
PHL,Philippines,0.347,0.46020000000000005,1.0,0.488,2.13,0.901,0.804,P4,2005,2009,8.709,,5751.560355518102,26.4512023925781,7.47253402913531,4.514204771636814,0.0,42.22,2.018
PNG,Papua New Guinea,0.3956,0.5096,1.6,1.7420000000000002,2.407,0.8949999999999999,0.612,P4,2005,2009,3.8292408799999995,,3253.69697260712,,4.24365934325728,5.214778576026774,0.0,47.3,3.87
POL,Poland,0.8150000000000001,0.8834,3.0,2.4,1.8378,0.8848,0.084,P4,2005,2009,12.0599998,,24146.50542446904,67.75713424682615,74.78863603562304,4.644455398912274,0.0,31.080000000000002,0.472
PRY,Paraguay,0.46020000000000005,0.6072,2.0,0.7620000000000001,1.951,0.8390000000000001,0.7886,P4,2005,2009,7.198,,11091.47784788048,33.880404472351074,42.0920483992917,3.7194771042155663,0.2,50.36,1.28
ROU,Romania,0.4894,0.6234,2.0,1.3414000000000001,1.7942,0.8795999999999999,0.664,P4,2005,2009,10.5188,,24011.12218802958,62.97319946289063,82.7931079733647,4.74430557656233,,31.68,0.8779999999999999
SEN,Senegal,0.5282,0.6768000000000001,2.0,-0.347,2.1284,0.9154,0.397,P4,2005,2009,1.71203774,,3330.088000377418,6.503986167907712,,3.18468045189937,0.0,41.08,2.522
SLB,Solomon Islands,0.4122,0.5328,1.8,1.238,1.779,0.875,0.6038,P4,2005,2009,5.37123624,,2403.383411518536,,1.66450777565671,4.845369205588883,0.0,43.2,3.8840000000000003
SLV,El Salvador,0.3586,0.5628,2.0,0.3982,1.4668,0.8215999999999999,0.7388,P4,2005,2009,5.824857140000001,,8440.5840687343,24.38360786437986,40.92711115840253,1.7822131017846778,0.2,43.459999999999994,1.112
STP,Sao Tome and Principe,0.5262,0.6424000000000001,2.0,0.921,1.25,0.787,0.326,P4,2005,2009,5.05112522,,4701.2276884385665,3.92682003974915,,5.73067813949946,0.4,,
SUR,Suriname,0.6484,0.7608,2.0,1.7869999999999997,2.437,0.9264000000000001,0.199,P4,2005,2009,7.861296180000001,,20731.663276643398,,,4.512427473510974,0.0,46.62,4.5920000000000005
SVK,Slovakia,0.7352000000000001,0.8337999999999999,3.0,1.4849999999999999,1.313,0.8272,0.315,P4,2005,2009,11.604,,26826.606599038198,49.458783721923815,88.6191052068376,5.21745761610673,0.0,25.44,0.718
SVN,Slovenia,0.7466,0.8337999999999999,3.0,1.6122,2.025,0.9034000000000001,0.1412,P4,2005,2009,11.836,,38434.747888347025,86.07518157958982,,2.5367585647435282,0.0,23.6,0.698
THA,Thailand,0.2756,0.34700000000000003,1.0,1.1654,1.3176,0.6910000000000001,0.6598,P4,2005,2009,7.184999980000001,,15361.931320290558,45.72431411743166,54.90433377463344,3.1251363256350584,0.0,42.22,1.4060000000000001
TTO,Trinidad and Tobago,0.6722,0.7874000000000001,3.0,1.9460000000000002,2.514,0.9389999999999998,0.13040000000000002,P4,2005,2009,10.0966668,,33543.287512129136,,,4.634242803250988,0.0,43.3,3.5
TWN,Taiwan,0.677,0.7818,3.0,1.8226,1.7399999999999998,0.883,0.3276,P4,2005,2009,,,,,,,,30.660000000000004,0.734
UKR,Ukraine,0.3698,0.5681999999999999,1.8,0.053200000000000004,1.0335999999999999,0.7386,0.849,P4,2005,2009,11.4029393,,17172.575390625,75.46484069824217,70.0571477777839,1.1931038586943181,0.2,28.04,1.23
URY,Uruguay,0.8224,0.892,3.0,1.952,2.429,0.952,0.041,P4,2005,2009,8.2483334,,20912.55202401066,48.42447052001954,74.45536306393475,5.903971837784962,0.2,42.62,0.572
VEN,Venezuela,0.1662,0.44420000000000004,1.0,-2.6390000000000002,-0.0626,0.46020000000000005,0.9406000000000001,P4,2005,2009,7.9024,,,78.2607116699219,14.5234092683383,6.20383863743627,0.0,39.64,1.192
VUT,Vanuatu,0.5418000000000001,0.6446,2.0,1.9310000000000003,2.614,0.933,0.441,P4,2005,2009,5.7629916,,3284.32531753423,,,5.056042318973698,0.0,39.05,2.765
ZAF,South Africa,0.6588,0.7772,3.0,1.392,3.6373999999999995,0.9800000000000001,0.45039999999999997,P4,2005,2009,9.15,,13706.08629655168,,58.5375368130115,3.57885744738563,0.0,63.67999999999999,1.748
ARG,Argentina,0.5831999999999999,0.7614,2.0,0.7262,1.442,0.8206,0.5468,P5,2010,2014,10.778,,28747.29170687084,77.7202119205223,42.40966225612238,2.9991275708908622,0.0,39.14,1.078
ARM,Armenia,0.197,0.3416,1.0,-1.0618,1.4538,0.757,0.85,P5,2010,2014,11.2899998,,11617.2820185321,47.78287053134648,65.1776364917835,4.200000000088802,0.4,35.72,1.142
BEN,Benin,0.4904,0.6077999999999999,2.0,0.6859999999999999,1.876,0.8695999999999999,0.569,P5,2010,2014,2.5868333,,2825.148407708202,13.3488859176636,,4.687630756116542,0.2,45.120000000000005,2.082
BFA,Burkina Faso,0.377,0.5716,2.0,0.17540000000000003,2.5298000000000003,0.942,0.4932,P5,2010,2014,1.20142856,,1991.553010609036,4.215044892159236,4.28044412243646,6.3281894058606145,0.4,41.519999999999996,2.45
BGD,Bangladesh,0.1516,0.38079999999999997,1.0,-0.9352,1.2076,0.7552,0.907,P5,2010,2014,5.174,,4592.260922986692,13.438820369128976,19.6298236074372,6.1264582213131735,0.2,34.019999999999996,2.444
BGR,Bulgaria,0.5594,0.668,2.0,0.8815999999999999,1.5348000000000002,0.8320000000000001,0.4676,P5,2010,2014,10.892,,22614.8955932589,64.30481643676758,,0.9602095981423562,0.0,34.760000000000005,1.206
BIH,Bosnia and Herzegovina,0.3698,0.5626,2.0,0.7958000000000001,2.6613999999999995,0.9062000000000001,0.6764,P5,2010,2014,7.994,,12770.45439038914,46.147527313232416,,0.9014096716962795,0.2,38.8,2.69
BLR,Belarus,0.096,0.22959999999999997,1.0,-2.206,-0.724,0.2582,0.3534,P5,2010,2014,11.4749998,,25601.71238709036,90.14823284200057,75.51314068324345,3.531537665404028,0.0,25.32,1.066
BOL,Bolivia,0.3952,0.6664000000000001,2.0,-1.218,1.3652000000000002,0.8148,0.7108,P5,2010,2014,8.184000000000001,,9970.30708119161,,77.09718842125433,5.341934309903978,0.0,44.62,1.12
BRA,Brazil,0.7796000000000001,0.8725999999999999,2.0,2.0852,2.468,0.943,0.4958,P5,2010,2014,7.156000000000001,,18789.37336828554,45.548090616862,45.860230980981854,3.3865206586450385,0.0,45.6,0.46799999999999997
BRB,Barbados,0.6654,0.7826000000000001,2.0,2.18,2.023,0.913,0.097,P5,2010,2014,9.6694282,,21489.36084642194,70.20394621766953,,-1.392099749934461,0.0,43.8,3.222
BWA,Botswana,0.6164,0.7158,3.0,1.6344,2.429,0.9046,0.1422,P5,2010,2014,9.33,,15632.195062753919,21.97847313766034,,6.717465568561018,0.0,57.620000000000005,3.464
CHL,Chile,0.8432000000000001,0.8914,3.0,1.6945999999999999,2.7662,0.9427999999999999,0.07139999999999999,P5,2010,2014,9.862,,26189.98856707912,75.15581817626955,85.98715304201261,4.666409108876046,0.0,46.4,1.032
COL,Colombia,0.5318,0.6582000000000001,2.0,1.9308,1.964,0.8714000000000001,0.38920000000000005,P5,2010,2014,7.672,,15312.304699143162,47.64218444824216,54.61026815545578,4.997642048134471,0.0,49.54,0.4779999999999999
CPV,Cape Verde,0.7028,0.7886,2.0,1.6299999999999997,1.8670000000000002,0.8964000000000001,0.202,P5,2010,2014,5.74654628,,7345.48250724573,20.4938972363012,,1.6347178829095963,0.0,48.88,2.88
CRI,Costa Rica,0.8554,0.9086000000000001,3.0,1.957,3.653,0.9766,0.1856,P5,2010,2014,8.464,,19766.76324243572,47.29992961883545,67.26521887503294,4.136594233212424,0.0,46.260000000000005,0.9179999999999999
CYP,Cyprus,0.7332,0.8455999999999999,3.0,1.874,2.251,0.9280000000000002,0.136,P5,2010,2014,11.718,,39052.29453125,48.05883407592774,,-1.822306966521787,0.0,30.139999999999997,1.672
CZE,Czechia,0.7944,0.876,3.0,1.8794,1.6949999999999998,0.8880000000000001,0.23879999999999998,P5,2010,2014,12.524000000000001,,39525.63410847818,66.47573089599608,,1.1839555088841194,0.0,,
DOM,Dominican Republic,0.3614,0.612,2.0,-0.6644,2.144,0.9052,0.7492,P5,2010,2014,7.434,,15753.74392746936,48.974136409117946,33.42560384874074,5.282947599835416,0.0,45.1,1.05
ECU,Ecuador,0.2892,0.5654,2.0,-1.1352,-0.20020000000000002,0.42379999999999995,0.6852,P5,2010,2014,8.102,,12965.95088556078,39.5129548093662,66.41466372351324,5.946225704008517,0.0,43.62,1.088
EST,Estonia,0.833,0.8834,3.0,1.97,2.773,0.9578,0.027600000000000003,P5,2010,2014,13.431999999999999,,33300.56851891044,72.86498565673828,,3.761605439728528,0.0,32.58,0.8720000000000001
FJI,Fiji,0.11499999999999999,0.1466,0.2,-0.7373999999999999,-0.019000000000000017,0.5292,0.2332,P5,2010,2014,9.934999999999999,,10346.632479074102,69.4327641990718,37.1109505278687,3.4817727457321723,0.0,38.3,2.712
GHA,Ghana,0.6504000000000001,0.7578,3.0,1.6713999999999998,2.5146,0.9381999999999999,0.6152,P5,2010,2014,5.8206091,,5210.723372767692,12.819455244154451,63.672912115772,8.281678021444378,0.0,43.62,2.66
GTM,Guatemala,0.4006,0.5771999999999999,2.0,1.091,2.2014000000000005,0.8568,0.7982,P5,2010,2014,4.91300012,,10167.06769396338,17.37822236887724,63.54098576267405,3.6323175325766557,0.0,45.760000000000005,1.672
GUY,Guyana,0.37560000000000004,0.5917999999999999,2.0,0.8216000000000001,2.5402,0.897,0.5660000000000001,P5,2010,2014,7.55449382,,11359.042623674799,11.307716687520333,,3.9901805131871377,0.0,,
HND,Honduras,0.2504,0.41819999999999996,1.0,-0.058799999999999984,1.7067999999999999,0.7972,0.8533999999999999,P5,2010,2014,5.71049994,,5566.8820132931505,19.34797730477765,53.312858794099235,3.5090318149372477,0.4,48.5,1.156
HRV,Croatia,0.7263999999999999,0.8398,2.0,1.096,1.6646,0.8784000000000001,0.2882,P5,2010,2014,11.2289722,,28517.05426634758,62.756697082519544,70.7531103401508,-0.8751451394678533,0.0,28.919999999999998,1.126
HUN,Hungary,0.6066,0.7532,2.0,0.3996,1.0516,0.7078,0.404,P5,2010,2014,11.884,,28710.51572190968,58.47377243041992,,1.6023397860514401,0.0,27.28,0.93
IDN,Indonesia,0.5286000000000001,0.6766,2.0,1.0084,1.6,0.8554,0.751,P5,2010,2014,7.606000140000001,,9691.601441752318,27.47418243455658,57.984155112042735,5.797524231210998,0.0,45.480000000000004,1.576
IND,India,0.5198,0.6536000000000001,2.0,1.5201999999999998,0.8433999999999999,0.727,0.5801999999999999,P5,2010,2014,5.369748899999999,,5516.271095925258,23.56894459271338,77.1843544084959,6.598324491858392,0.0,48.18,1.114
ISR,Israel,0.6668000000000001,0.7444,3.0,1.477,0.656,0.6894,0.10700000000000001,P5,2010,2014,12.702,,39423.699041631924,62.87977447509763,,4.2723685077329545,0.0,36.739999999999995,0.8240000000000001
JAM,Jamaica,0.6664000000000001,0.7842,2.0,1.8700000000000003,2.609,0.9388,0.1534,P5,2010,2014,8.5891084,,9855.908968253065,25.7088611248105,57.9434923575729,0.1734202781003084,0.4,43.480000000000004,2.022
KOR,South Korea,0.6394,0.7396,3.0,0.9258,1.2454,0.7512000000000001,0.1964,P5,2010,2014,11.832,,41669.57011918566,98.3119232177734,,3.9446870211367218,0.0,,
LKA,Sri Lanka,0.2536,0.399,1.0,0.29100000000000004,-0.48319999999999996,0.3338,0.635,P5,2010,2014,10.505714399999999,,11411.612247787705,16.495055348524183,33.1300132422189,7.149471397331406,0.0,47.9,2.286
LSO,Lesotho,0.453,0.5923999999999999,2.0,0.9987999999999999,1.924,0.8452,0.5349999999999999,P5,2010,2014,6.198348,,2827.983416231772,10.5751925031008,6.3226136079387,3.944648786771014,0.2,49.3,4.458
LTU,Lithuania,0.7824,0.8382,3.0,2.3852,1.502,0.8518000000000001,0.1486,P5,2010,2014,12.596,,30699.659244433802,79.36222991943359,,3.790639807975694,0.0,34.32,0.974
LVA,Latvia,0.7292,0.8192,2.8,2.3082000000000003,2.1096,0.9006000000000001,0.10400000000000001,P5,2010,2014,12.708,,26908.786797941844,68.72451934814457,,2.174275371153576,0.0,34.980000000000004,1.122
MDA,Moldova,0.5348,0.6402,2.0,0.8093999999999999,1.4932,0.8064,0.7001999999999999,P5,2010,2014,11.616,,10549.36590780654,42.226146950861235,56.5784705246522,5.274384752127736,0.2,33.94,1.184
MDG,Madagascar,0.1274,0.2746,0.4,-2.1475999999999997,2.119,0.851,0.9336,P5,2010,2014,4.7957617599999995,,1619.70950365117,4.104944690893182,5.69943087926508,2.169678850892138,0.0,42.7,2.686
MEX,Mexico,0.4462,0.6436,2.0,1.0268,1.784,0.8166,0.6890000000000001,P5,2010,2014,8.302,,20658.00711561424,29.21765594482422,42.71687816719837,3.064891092679243,0.0,45.62,1.082
MKD,North Macedonia,0.3182,0.46980000000000005,1.2,-0.44279999999999997,1.096,0.7146,0.6881999999999999,P5,2010,2014,9.9733874,,17466.623586609443,39.05377292633055,,2.3593669713204126,0.0,33.739999999999995,1.616
MLI,Mali,0.31320000000000003,0.48840000000000006,1.6,0.3668,2.214,0.8906000000000001,0.8375999999999999,P5,2010,2014,1.9398000199999998,,2582.767532264776,5.673953028844736,,3.4466189064411323,0.4,36.760000000000005,1.46
MLT,Malta,0.6108,0.8036,2.0,0.9040000000000001,3.106,0.9549999999999998,0.18939999999999999,P5,2010,2014,10.748000000000001,,39656.76377639464,41.74443054199218,,5.042984722514108,0.0,27.28,1.6920000000000002
MNG,Mongolia,0.5614,0.6816000000000001,2.0,1.0324,2.4772,0.8924,0.635,P5,2010,2014,10.2560124,,11939.93111308994,61.125798529970396,97.61391037517011,11.101980156985984,0.0,34.14,2.0300000000000002
MUS,Mauritius,0.6452,0.7398,3.0,0.8644000000000001,2.4606000000000003,0.9032,0.4304,P5,2010,2014,8.7541882,,20430.0801870944,37.824408358242316,46.626463175074,3.827647114817924,0.0,38.14,2.472
MWI,Malawi,0.4232,0.5356,2.0,0.9516,1.6751999999999998,0.7809999999999999,0.6532,P5,2010,2014,4.83752208,,1541.764598553548,1.120171854615049,31.4148231328779,4.948471170450172,0.4,44.78,2.326
NAM,Namibia,0.5344,0.6462,2.0,1.874,2.521,0.9259999999999999,0.19,P5,2010,2014,6.63327448,,11284.554764794138,17.610189074213768,,5.579901694030554,0.0,64.6,2.994
NER,Niger,0.41200000000000003,0.5384,1.6,0.2866,1.8030000000000002,0.8870000000000001,0.5596,P5,2010,2014,1.5676643399999999,,1388.7876086726799,1.3975096685009565,12.76148247664413,6.688427108781832,0.2,37.36,2.198
NIC,Nicaragua,0.1574,0.374,1.0,-2.0742000000000003,-0.02180000000000002,0.488,0.8488,P5,2010,2014,8.457765599999998,,6231.907109347319,,68.1514933252246,5.38709507870887,0.0,43.46,1.86
PAN,Panama,0.5506,0.746,2.0,0.1076,1.7638000000000003,0.8144,0.5748,P5,2010,2014,9.5599998,,26346.51776658654,43.534457364747475,63.17600717373875,7.711946352883937,0.0,47.02,0.9199999999999999
PER,Peru,0.6811999999999999,0.8172,2.0,1.5592,2.0866,0.8802,0.5296000000000001,P5,2010,2014,9.026,,13295.544204180838,,70.37656041559903,5.806810359473197,0.0,46.519999999999996,0.776
PHL,Philippines,0.4074,0.5192,2.0,1.1242,2.506,0.9404,0.7162,P5,2010,2014,9.005499799999999,,6743.161701431792,30.440068709566823,36.7442264416163,6.237640656568616,0.0,41.08,2.038
PNG,Papua New Guinea,0.35679999999999995,0.46040000000000003,1.0,1.7564,2.2338,0.8836,0.658,P5,2010,2014,4.3370539,,3657.0714494597696,,,6.65236684894862,0.0,,
POL,Poland,0.8224,0.89,3.0,2.5072,1.8199999999999998,0.892,0.0878,P5,2010,2014,12.652,,28818.04264813236,74.1907501220703,65.46555075087073,2.908184191221239,0.0,31.22,0.496
PRY,Paraguay,0.46259999999999996,0.6113999999999999,2.0,0.8880000000000001,1.7774,0.8138,0.7942,P5,2010,2014,7.825999999999999,,13320.58044116444,37.6179261040957,59.41988699901888,5.6535748994877775,0.0,48.8,1.204
ROU,Romania,0.5551999999999999,0.6772,2.0,1.8986,1.7879999999999998,0.8836,0.5344,P5,2010,2014,10.886,,26583.94432911002,59.88935012817382,83.92591587520245,1.377633492915599,,30.919999999999998,0.828
SEN,Senegal,0.5546,0.7024,2.0,-0.2764,2.158,0.9179999999999999,0.3332,P5,2010,2014,2.526187,,3408.1986452008678,9.893151560768768,16.7866192230754,3.472887119568978,0.0,40.56,2.664
SLB,Solomon Islands,0.44580000000000003,0.5816,2.0,1.2184,1.779,0.8715999999999999,0.6082,P5,2010,2014,5.579635399999999,,2740.647249660442,,,5.206246079042134,0.2,42.699999999999996,4.016666666666667
SLV,El Salvador,0.4356,0.6264000000000001,2.0,1.1754000000000002,1.839,0.8722,0.6619999999999999,P5,2010,2014,6.37533332,,9107.344188641055,27.51103508072624,67.02088652255073,2.545566526902474,0.2,40.239999999999995,1.062
STP,Sao Tome and Principe,0.5416000000000001,0.6552,2.0,1.022,1.25,0.787,0.3102,P5,2010,2014,5.37163984,,4994.656359454634,7.10288667678833,,3.283343589466594,0.2,,
SUR,Suriname,0.6274,0.7492,2.0,1.7869999999999997,2.5522,0.9346,0.217,P5,2010,2014,8.063457199999998,,23966.84548776678,,,3.379497450836675,0.0,46.1,4.45
SVK,Slovakia,0.7404,0.8427999999999999,3.0,1.538,1.2178,0.819,0.2986,P5,2010,2014,12.4072,,30827.90432935606,56.274689483642575,,2.86669048606978,0.0,25.16,0.792
SVN,Slovenia,0.785,0.8602000000000001,3.0,1.8436,2.1058,0.9288000000000001,0.13340000000000002,P5,2010,2014,12.272,,37530.02929627466,87.73939971923828,,0.15821887194964349,0.0,25.16,0.75
THA,Thailand,0.3142,0.3948,0.8,1.3676,0.8550000000000001,0.6204,0.663,P5,2010,2014,7.8173332,,17586.67905880136,49.88981737803268,62.45707628126255,3.8536566489981956,0.0,40.14,1.3719999999999999
TTO,Trinidad and Tobago,0.6774000000000001,0.7924,3.0,1.9460000000000002,2.3476,0.9301999999999999,0.137,P5,2010,2014,10.622664,,36812.26058922056,,,3.3557355965862974,0.0,,
TWN,Taiwan,0.6762,0.8008000000000001,3.0,1.225,1.8745999999999998,0.8954000000000001,0.325,P5,2010,2014,,,,,,,,30.660000000000004,0.752
UKR,Ukraine,0.2508,0.46440000000000003,1.0,-0.8707999999999998,0.8907999999999999,0.674,0.8716000000000002,P5,2010,2014,11.3745133,,17462.479296875,83.18049715124252,71.71393532095517,-0.06877114904726192,0.4,26.46,1.31
URY,Uruguay,0.8454,0.9109999999999999,3.0,1.9448,2.717,0.962,0.0442,P5,2010,2014,8.468,,26997.403686049605,55.785823773902074,79.36678034872166,4.87601025089389,0.0,37.86,0.462
VEN,Venezuela,0.1324,0.37439999999999996,1.0,-2.685,-0.20339999999999997,0.41600000000000004,0.9608000000000001,P5,2010,2014,9.189,,,,,1.152459729022062,0.0,36.86,1.3359999999999999
VUT,Vanuatu,0.622,0.7404,2.0,1.9310000000000003,2.614,0.937,0.4382,P5,2010,2014,6.255177659999999,,3339.2214996984885,,,1.6894297043741389,0.0,38.08,2.8440000000000003
ZAF,South Africa,0.6582000000000001,0.7714000000000001,2.6,1.4567999999999999,3.0854000000000004,0.9534,0.48419999999999996,P5,2010,2014,9.895999999999999,,14497.49090065402,18.344960550379668,71.31624322074839,2.5007632010058,0.0,63.04,1.77
ARG,Argentina,0.6118,0.7652,2.0,0.47859999999999997,1.8216,0.8666,0.438,P6,2015,2019,11.017,65.4,27760.576814925902,89.20745732982216,53.05436446717188,-0.22978450068154405,0.2,37.980000000000004,1.158
ARM,Armenia,0.32999999999999996,0.479,1.4,-0.4502,1.9108,0.819,0.6284,P6,2015,2019,11.393948,50.849999999999994,14360.407020484941,53.92683232793267,67.52001138780008,4.73999999972522,0.0,36.48,1.212
BEN,Benin,0.5004,0.627,1.8,0.19539999999999996,1.7274,0.8686,0.403,P6,2015,2019,2.75762698,7.8,3078.600212907388,11.548137855529799,10.5348489604463,4.870465337679276,0.2,44.18,2.476
BFA,Burkina Faso,0.4566,0.6130000000000001,1.8,0.5716,2.2876000000000003,0.9168,0.402,P6,2015,2019,1.7669999600000001,8.7,2240.929371168628,5.873351683019996,18.4018820291928,5.715293790271436,0.2,40.839999999999996,2.712
BGD,Bangladesh,0.1022,0.2624,1.0,-1.0338,0.9994,0.6394,0.8938,P6,2015,2019,6.262,,6054.374702414508,18.754117458379238,41.3502877461793,7.09153917402441,0.0,33.78,2.878
BGR,Bulgaria,0.5324,0.6365999999999999,2.0,0.9917999999999999,1.536,0.806,0.5388,P6,2015,2019,11.2619998,88.3,26746.50432378042,81.60993957519531,,3.058715665651974,0.0,37.9,1.21
BIH,Bosnia and Herzegovina,0.3508,0.5326000000000001,2.0,0.8161999999999999,2.857,0.9154,0.7061999999999999,P6,2015,2019,9.743,,15605.402069313819,52.69669799804687,50.3495930926171,3.497068750218112,0.2,38.4,3.028
BLR,Belarus,0.1066,0.2536,1.0,-2.574,-0.7112,0.3184,0.33520000000000005,P6,2015,2019,11.9500001,36.0,25805.2616101899,88.15642542188888,74.66436749051644,0.154363909069334,0.0,24.64,1.05
BOL,Bolivia,0.337,0.5774,1.8,-1.2038,0.9166000000000001,0.721,0.661,P6,2015,2019,9.395,37.15,11639.82968361802,,81.07589235620523,3.538223890391154,0.0,41.42,1.062
BRA,Brazil,0.6397999999999999,0.7712,2.0,1.4974,1.7711999999999999,0.8555999999999999,0.5314,P6,2015,2019,7.839155600000001,68.2,17927.76927800128,50.89167633056642,51.30244312659114,-0.498873332359254,0.0,46.54,0.51
BRB,Barbados,0.6616000000000001,0.7786000000000001,3.0,2.18,2.023,0.9,0.1036,P6,2015,2019,9.7729998,,20819.758302245384,51.03123649024004,,-0.0027798549932523562,0.2,42.63333333333333,3.3433333333333333
BWA,Botswana,0.5740000000000001,0.6756,3.0,1.3522,2.0824000000000003,0.8550000000000001,0.1402,P6,2015,2019,10.18,15.05,17236.895601310778,23.125678655186,55.4438058323504,2.737588803126928,0.0,57.5,3.8
CHL,Chile,0.8168,0.8720000000000001,2.8,1.598,2.4652,0.9198000000000001,0.0706,P6,2015,2019,10.5941966,69.7,28074.85864707444,89.68988800048831,90.06995277996334,1.9774147268101234,0.0,45.96,0.8940000000000001
COL,Colombia,0.538,0.672,2.0,1.7492,2.2998,0.9026,0.38780000000000003,P6,2015,2019,8.3540002,46.65,17050.31217649104,56.86455307006834,33.68090349754368,2.4307648840046,0.0,47.06,0.45199999999999996
CPV,Cape Verde,0.707,0.793,2.0,1.6024,1.8670000000000002,0.8972,0.20800000000000002,P6,2015,2019,5.9429294200000005,47.025,8263.75188112506,23.7668963687779,,4.084569413671391,0.0,48.4,3.07
CRI,Costa Rica,0.8464,0.8977999999999999,3.0,2.0281999999999996,3.2386000000000004,0.962,0.1934,P6,2015,2019,8.652000000000001,66.89999999999999,22434.60657972198,53.0039665222168,73.45988528913135,3.40950388090235,0.0,46.22,0.9480000000000001
CYP,Cyprus,0.7278,0.8436,3.0,1.5192,2.251,0.9218,0.146,P6,2015,2019,12.1569998,85.8,41428.48046875,77.71661071777342,,5.578120599622454,0.0,29.98,1.508
CZE,Czechia,0.7323999999999999,0.8294,3.0,1.6547999999999998,1.6949999999999998,0.8944000000000001,0.2158,P6,2015,2019,12.78,78.4,44875.65262959412,67.22413177490236,,3.8218552784019755,0.0,,
DOM,Dominican Republic,0.33680000000000004,0.5724,2.0,-0.586,2.21,0.8894,0.7398,P6,2015,2019,8.7061922,53.6,19711.63431957104,55.3872355599698,49.047231228134024,5.926572076050514,0.0,41.239999999999995,1.036
ECU,Ecuador,0.3538,0.5766,2.0,-0.7732000000000001,0.1234,0.502,0.662,P6,2015,2019,8.75,36.25,13920.247282287,46.377037966971166,57.883360873700155,1.322367148870889,0.2,42.14,1.098
EST,Estonia,0.8552,0.9024000000000001,3.0,1.97,2.962,0.9640000000000001,0.028399999999999998,P6,2015,2019,13.5650001,96.6,39286.51199410802,72.90513763427734,,3.598438264454984,0.0,30.919999999999998,0.8620000000000001
FJI,Fiji,0.27440000000000003,0.3952,1.0,-0.7268,0.9916,0.7452,0.2536,P6,2015,2019,10.507745400000001,58.9,12475.947499886859,77.0046187141324,,3.1061242558643665,0.0,37.3,3.17
GHA,Ghana,0.6195999999999999,0.7312,2.0,1.862,2.7598,0.9404,0.6144000000000001,P6,2015,2019,6.17654152,21.8,6001.96675342094,16.128002417159003,20.2477279036942,5.266194488808059,0.2,43.849999999999994,2.9749999999999996
GTM,Guatemala,0.43,0.6066,2.0,1.8386,2.0524,0.8412,0.7588,P6,2015,2019,5.30678488,11.940000000000001,11064.55209866442,22.2584349279442,,3.45491923916032,0.0,43.46,1.902
GUY,Guyana,0.4466,0.6542,2.0,0.9268000000000001,2.6216,0.932,0.4002,P6,2015,2019,8.2717408,100.0,12728.99508126166,,,3.604621064047359,0.0,,
HND,Honduras,0.24100000000000002,0.3988,1.0,-0.5466,2.0422,0.8416,0.8478,P6,2015,2019,6.522000060000001,26.6,6064.386214592932,23.51666610329,38.83672127397992,3.7961190388595996,0.0,46.06,1.184
HRV,Croatia,0.6418,0.7565999999999999,2.0,0.9452,1.3458,0.7849999999999999,0.3238,P6,2015,2019,11.6439046,77.75,32297.91111462356,71.26411895751953,,3.016602811884544,0.0,28.580000000000002,1.122
HUN,Hungary,0.42400000000000004,0.5464,1.6,-0.2346,0.5408000000000001,0.5776,0.461,P6,2015,2019,11.9900001,88.1,34230.79361379682,51.9750358581543,,4.181192910051822,0.0,27.1,0.9199999999999999
IDN,Indonesia,0.48260000000000003,0.623,2.0,0.943,1.304,0.7986,0.7123999999999999,P6,2015,2019,8.1299182,27.8,11801.18319763254,35.34586476484472,54.619605716822775,5.0345513208770445,0.0,45.980000000000004,1.61
IND,India,0.3762,0.4934,1.4,1.3572,0.277,0.5158,0.6202,P6,2015,2019,6.00270532,21.8,7279.961946423378,28.010604583640877,,6.6746461984331855,0.0,47.68,1.476
ISR,Israel,0.6362,0.7178,3.0,1.6405999999999998,0.5690000000000001,0.6724,0.11320000000000001,P6,2015,2019,13.149456,89.6,42854.64162097904,59.896145629882824,,3.751742401974398,0.0,34.6,0.708
JAM,Jamaica,0.6902,0.806,2.2,1.8700000000000003,2.609,0.9399999999999998,0.1246,P6,2015,2019,9.2690418,30.8,10390.931049161185,26.2334142821948,52.7709610708534,2.060046901949292,0.2,42.9,2.104
KOR,South Korea,0.7162,0.7948,3.0,1.041,1.3321999999999998,0.795,0.16840000000000002,P6,2015,2019,12.3183014,74.30000000000001,47419.890961353565,93.73509826660157,,3.002985942910342,0.0,,
LKA,Sri Lanka,0.44299999999999995,0.5824,2.0,1.6366,1.3452,0.7898,0.5,P6,2015,2019,10.568285800000002,33.4,14229.0298058969,17.972223242756638,36.3205582552867,3.5619724007442954,0.2,48.18,2.846
LSO,Lesotho,0.434,0.5791999999999999,2.0,1.1318000000000001,1.941,0.8526,0.5144,P6,2015,2019,7.023754600000001,9.2,2917.7210450063963,9.992228644456619,74.8132475021164,0.13923443413068592,0.0,48.43333333333334,4.66
LTU,Lithuania,0.763,0.8208,2.2,2.72,1.4300000000000002,0.8412,0.1378,P6,2015,2019,13.190000000000001,98.175,38945.20954839256,75.03862915039063,,3.9425382646932676,0.0,36.1,1.026
LVA,Latvia,0.7464000000000001,0.8337999999999999,2.8,2.9934,2.418,0.9204000000000001,0.11299999999999999,P6,2015,2019,13.056999999999999,96.3,33048.48389748324,86.17022705078124,,2.9438175003317255,0.0,34.339999999999996,1.176
MDA,Moldova,0.4276,0.5391999999999999,2.0,0.0978,1.0974,0.7404,0.7688,P6,2015,2019,11.743999800000001,42.0,13140.802573114139,52.903235487746734,61.26412907276625,3.2222600684935236,0.2,31.119999999999997,1.1800000000000002
MDG,Madagascar,0.2584,0.47859999999999997,1.0,-0.8288,2.8636,0.9338000000000001,0.8177999999999999,P6,2015,2019,4.9833204,,1666.567659376688,4.959464292490828,,3.7328680756131676,0.2,42.160000000000004,3.2379999999999995
MEX,Mexico,0.43739999999999996,0.6566000000000001,2.0,0.8619999999999999,1.8818000000000001,0.819,0.6778000000000001,P6,2015,2019,8.789,58.36666666666667,21693.334630582198,39.11662406921386,49.236635716357796,1.5851873572443813,0.0,43.160000000000004,0.9199999999999999
MKD,North Macedonia,0.3444,0.5227999999999999,1.6,-1.0135999999999998,1.0204,0.745,0.6477999999999999,P6,2015,2019,11.1974716,39.0,20347.02514871542,43.16121006011965,,2.915371864045454,0.0,31.6,1.61
MLI,Mali,0.32999999999999996,0.532,1.6,0.19619999999999999,1.9902000000000002,0.8552,0.8074,P6,2015,2019,1.7943679799999999,9.3,2808.088874102664,5.12750941173932,21.3467257630736,5.497467759994454,0.0,36.68,0.974
MLT,Malta,0.567,0.7674000000000001,2.0,0.8624,2.9387999999999996,0.9432,0.2468,P6,2015,2019,11.5860004,,50314.11478877616,53.5368896484375,,7.588863966119284,0.0,28.2,1.512
MNG,Mongolia,0.5448000000000001,0.6638,2.0,1.033,2.4520000000000004,0.8842000000000001,0.6654,P6,2015,2019,10.6260373,93.1,14659.043384736,66.61717529296874,92.63269984822514,4.570724304390414,0.2,33.839999999999996,2.434
MUS,Mauritius,0.619,0.7266,2.4,0.7632000000000001,1.8894000000000002,0.8624,0.4788,P6,2015,2019,9.6578904,,24359.423896170058,39.84581349339794,51.5380853815018,3.6778069077737023,0.0,38.2,2.9466666666666668
MWI,Malawi,0.4396,0.5264,1.8,1.0150000000000001,1.9194,0.8412,0.651,P6,2015,2019,5.273548,21.3,1626.110481966502,1.252020675411223,39.910970034688845,3.8740779816407716,0.2,44.28,2.832
NAM,Namibia,0.5628,0.6912,2.0,1.4666000000000001,2.4856,0.9262,0.20400000000000001,P6,2015,2019,7.087974579999999,24.2,11489.953948746519,22.63376996526458,43.7331616063776,0.6983016468928305,0.0,64.3,3.31
NER,Niger,0.4368,0.5589999999999999,2.0,0.3936,1.8400000000000003,0.8614,0.5364000000000001,P6,2015,2019,1.33427224,20.6,1535.729441357514,3.770032259681538,18.5160552827599,5.658034673534822,0.2,36.96,2.558
NIC,Nicaragua,0.0888,0.268,1.0,-2.2496,-0.9258000000000001,0.27199999999999996,0.8842000000000001,P6,2015,2019,9.3208028,14.5,7058.921798371672,,,1.545279225446484,0.0,,
PAN,Panama,0.546,0.7414,2.0,0.026000000000000002,1.879,0.8422000000000001,0.5416000000000001,P6,2015,2019,10.26,43.95,31704.675658196,47.98096976716135,74.74119396250096,4.52084194290164,0.0,45.7,0.976
PER,Peru,0.6859999999999999,0.8009999999999999,2.0,1.6114000000000002,1.884,0.8624,0.5218,P6,2015,2019,9.5179633,27.4,15075.913510198941,72.23139572143555,65.97951031192176,3.186876407967804,0.0,44.6,0.6839999999999999
PHL,Philippines,0.3302,0.4708,1.2,0.3594,2.05,0.8518000000000001,0.7444,P6,2015,2019,8.562500199999999,41.900000000000006,8575.261052281634,33.21498459460398,41.83057407916885,6.577753205264618,0.0,39.2,2.058
PNG,Papua New Guinea,0.3476,0.45099999999999996,1.0,1.8096,2.3246,0.8886,0.6866,P6,2015,2019,4.8097743600000005,9.6,4253.050319759844,,,3.9607605155590155,0.0,,
POL,Poland,0.5888,0.7362,2.2,0.5356,1.3616,0.7668,0.0954,P6,2015,2019,13.032,86.45,34682.461337153996,70.353857421875,66.24248637756585,4.688343811361702,0.0,29.02,0.524
PRY,Paraguay,0.417,0.5892,2.0,0.308,1.759,0.779,0.8166,P6,2015,2019,8.548,31.4,15097.781853120241,,67.79051247252876,2.9675303224824248,0.0,47.0,1.184
ROU,Romania,0.5618000000000001,0.7172,2.0,1.0012,1.4772,0.8034000000000001,0.42699999999999994,P6,2015,2019,11.141,77.6,32690.541953845717,50.84428939819336,81.2914939524,4.713451742130326,,31.419999999999998,0.882
SEN,Senegal,0.5598,0.7076,2.0,-0.16899999999999998,1.9609999999999999,0.909,0.3374,P6,2015,2019,2.818724,20.0,3848.840035716066,11.620813264105161,30.0823426708228,6.1906935080355705,0.0,40.160000000000004,2.9859999999999998
SLB,Solomon Islands,0.47640000000000005,0.6198,2.0,1.2472,2.1957999999999998,0.9077999999999999,0.623,P6,2015,2019,5.78445244,16.8,2686.271509032424,,,2.960259251496808,0.0,,
SLV,El Salvador,0.4418,0.6438,2.0,0.9673999999999999,1.8077999999999999,0.853,0.6252,P6,2015,2019,6.85066666,21.2,10083.170194325376,27.78509196627932,86.27933740785053,2.4073194791316417,0.0,37.58,1.096
STP,Sao Tome and Principe,0.5452,0.6578,2.0,0.9469999999999998,1.25,0.782,0.2918,P6,2015,2019,5.70986422,14.800000000000002,5499.34453333176,12.8210802078247,16.1008986450882,3.4443906872555923,0.2,,
SUR,Suriname,0.6146,0.7496,2.0,1.5554000000000001,2.725,0.9292,0.25780000000000003,P6,2015,2019,8.265738200000001,33.5,22650.74543863152,5.26435130947432,,-0.12856090147162402,0.2,45.7,4.356
SVK,Slovakia,0.7212,0.833,2.8,1.4316,1.0962,0.7874000000000001,0.2864,P6,2015,2019,12.78,93.8,35269.93006923226,49.6303596496582,,3.267489941232524,0.0,23.2,0.756
SVN,Slovenia,0.7746000000000001,0.8436,3.0,2.009,2.05,0.9154,0.0864,P6,2015,2019,12.698,100.0,41563.6797613696,78.94369659423826,,3.697292006589774,0.0,24.419999999999998,0.804
THA,Thailand,0.1212,0.1704,0.0,0.173,-0.1036,0.3754,0.6874,P6,2015,2019,8.3836664,68.0,20087.005243579937,46.72362770682134,74.83126512530903,3.4168628163763524,0.0,38.1,1.464
TTO,Trinidad and Tobago,0.6748000000000001,0.7886,3.0,1.9460000000000002,2.098,0.9154,0.1126,P6,2015,2019,10.7233186,55.2,35286.73364800156,,,-2.6586221967597763,0.0,,
TWN,Taiwan,0.7228,0.833,3.0,1.861,1.9099999999999997,0.9086000000000001,0.27480000000000004,P6,2015,2019,,76.60000000000001,,,,,,30.419999999999998,0.634
UKR,Ukraine,0.254,0.44820000000000004,1.2,-0.6644,0.8044,0.7332,0.7426,P6,2015,2019,11.1511652,73.0,16437.284375,80.01590912875409,73.27846017620139,0.3431666433631821,0.4,26.860000000000003,1.4380000000000002
URY,Uruguay,0.8328,0.8952,3.0,1.988,2.061,0.9136000000000001,0.042,P6,2015,2019,8.818000000000001,94.26666666666667,29561.028621070443,59.886093678829795,77.09038037070961,0.9788089342697631,0.0,36.72,0.438
VEN,Venezuela,0.0848,0.2496,1.0,-2.5078,-0.5469999999999999,0.33599999999999997,0.9252,P6,2015,2019,9.973752600000001,30.8,,,,-17.249284792370496,0.0,36.14,1.7079999999999997
VUT,Vanuatu,0.6648000000000001,0.776,2.0,2.0426,2.8444000000000003,0.9507999999999999,0.40780000000000005,P6,2015,2019,6.79133338,57.4,3443.084114638334,,30.3520259366275,3.5983096187128902,0.0,37.480000000000004,3.314
ZAF,South Africa,0.6365999999999999,0.7438,2.0,1.6800000000000002,2.66,0.9304,0.4896,P6,2015,2019,10.5359998,48.65,14504.557033118059,20.7297345950656,80.14129801290836,0.9922161841101692,0.0,62.04,2.02
ARG,Argentina,0.6423333333333333,0.8079999999999999,2.0,1.0116666666666667,1.58,0.874,0.4789999999999999,P7,2020,2022,11.169721333333333,65.9,26000.798250305732,104.56439797639952,58.03500363299054,2.1873575166509167,,38.0,1.1433333333333333
ARM,Armenia,0.5186666666666667,0.7196666666666666,2.0,0.17033333333333334,2.9153333333333333,0.9326666666666666,0.31,P7,2020,2022,11.339985333333333,49.2,16286.939882931467,55.37950339680063,70.48443168178886,3.7333333337422467,,34.06666666666666,1.26
BEN,Benin,0.27999999999999997,0.40700000000000003,1.0,-0.46,1.3976666666666666,0.7763333333333334,0.18766666666666665,P7,2020,2022,3.1674233666666667,7.8999999999999995,3456.824516770557,10.147926648457842,8.65564645046236,5.752397033264994,,43.2,2.9000000000000004
BFA,Burkina Faso,0.38866666666666666,0.5236666666666667,1.6666666666666667,0.3539999999999999,1.8343333333333334,0.8826666666666667,0.44366666666666665,P7,2020,2022,2.2387916666666667,9.7,2445.52073971865,8.872865488894464,42.9267376002821,3.5266767106349604,,40.75,3.05
BGD,Bangladesh,0.09233333333333334,0.257,1.0,-1.3593333333333335,1.33,0.6536666666666667,0.9066666666666667,P7,2020,2022,6.8933333333333335,22.0,7448.1436528553795,23.3644967262799,55.5563694666495,5.828841817133494,,33.53333333333333,3.236666666666667
BGR,Bulgaria,0.5506666666666667,0.6503333333333333,2.0,0.9710000000000001,1.5360000000000003,0.832,0.4686666666666666,P7,2020,2022,11.439687333333334,82.8,30638.076909452702,84.98807271321613,,2.9262677963232533,,38.03333333333333,1.2766666666666666
BIH,Bosnia and Herzegovina,0.3356666666666667,0.5153333333333333,2.0,1.0173333333333332,2.770666666666667,0.9163333333333333,0.7533333333333333,P7,2020,2022,10.755,54.5,18110.6797599402,44.82307306925457,,2.8677875146757734,,38.25,3.365
BLR,Belarus,0.03866666666666666,0.18366666666666664,1.0,-3.523,-2.4776666666666665,0.09800000000000002,0.38466666666666666,P7,2020,2022,12.302681,,26960.06126955843,78.53353559417167,,-0.9640922431754625,,24.8,1.22
BOL,Bolivia,0.303,0.49,1.6666666666666667,-1.2670000000000001,0.722,0.6653333333333333,0.6346666666666666,P7,2020,2022,9.957482,38.4,10991.938312870765,,97.4624052679374,0.3523325619771702,,39.26666666666667,1.0766666666666669
BRA,Brazil,0.535,0.6960000000000001,2.0,1.833,1.8399999999999999,0.844,0.541,P7,2020,2022,8.374987666666668,71.95,17985.7559708473,58.053466796875,57.98716416772147,1.5008466458860632,,45.9,0.5233333333333333
BRB,Barbados,0.6866666666666666,0.8066666666666666,3.0,2.18,2.023,0.8969999999999999,0.06866666666666667,P7,2020,2022,9.915928333333333,56.6,18709.029836333935,54.234573700785965,,0.92165759461977,,,
BWA,Botswana,0.47333333333333333,0.583,2.3333333333333335,1.353,1.8596666666666668,0.874,0.17600000000000002,P7,2020,2022,10.458666666666666,13.5,17632.463420630465,21.438212972671398,,2.8911356873681835,,,
CHL,Chile,0.773,0.8370000000000001,2.6666666666666665,1.6209999999999998,1.6623333333333334,0.8573333333333334,0.06233333333333333,P7,2020,2022,11.231221,75.3,28302.629885268067,94.89085388183598,81.66349536809355,2.441813085862853,,45.199999999999996,0.7233333333333333
COL,Colombia,0.5186666666666667,0.6643333333333333,2.0,1.8390000000000002,1.398,0.7786666666666666,0.3906666666666667,P7,2020,2022,8.974388,52.0,17234.4370160098,57.77972284952799,38.083075300140365,3.647853782386333,,49.9,0.5033333333333333
CPV,Cape Verde,0.676,0.774,2.0,1.336,1.867,0.898,0.26166666666666666,P7,2020,2022,6.0900393,55.53333333333333,7914.464815146122,,,0.6906432975045463,,,
CRI,Costa Rica,0.8333333333333334,0.8850000000000001,3.0,2.046,2.783,0.9540000000000001,0.19299999999999998,P7,2020,2022,8.829834666666667,60.15,23632.168680734732,,74.94929038189537,2.7379665684669434,,45.93333333333334,0.9633333333333333
CYP,Cyprus,0.6629999999999999,0.7936666666666667,3.0,0.891,2.107,0.9026666666666667,0.19899999999999998,P7,2020,2022,12.518248,98.8,47219.701822916664,104.71289062500034,,5.48355162223789,,29.433333333333334,1.6466666666666665
CZE,Czechia,0.7303333333333333,0.8163333333333332,2.3333333333333335,1.6306666666666665,1.695,0.8806666666666666,0.17966666666666667,P7,2020,2022,12.947623666666667,,47102.211383478505,69.27863057454431,,0.5237698080980432,,,
DOM,Dominican Republic,0.4703333333333333,0.6806666666666666,2.0,1.212,1.729,0.907,0.5873333333333334,P7,2020,2022,9.346492,57.6,21528.609007779934,56.78734164083426,51.0725337412953,3.7737776976453468,,37.4,0.9933333333333333
ECU,Ecuador,0.4796666666666667,0.6373333333333333,2.0,0.3183333333333333,1.0926666666666667,0.7006666666666667,0.6303333333333333,P7,2020,2022,8.966666666666667,46.699999999999996,13378.136597693801,58.393206746617096,43.98301902776476,2.015073349100257,,42.06666666666666,1.14
EST,Estonia,0.8493333333333334,0.8976666666666667,3.0,1.97,2.962,0.965,0.031,P7,2020,2022,13.558110666666666,97.0,42766.8991106699,72.20658620198566,,1.3816344216948568,,30.833333333333332,0.9433333333333334
FJI,Fiji,0.26933333333333337,0.403,1.0,-0.4116666666666666,1.1106666666666667,0.759,0.327,P7,2020,2022,10.392555666666667,65.6,11084.260578770467,76.4146221937964,,-1.261456760517066,,,
GHA,Ghana,0.5723333333333334,0.68,2.0,1.5316666666666665,2.531333333333333,0.9090000000000001,0.6216666666666667,P7,2020,2022,6.909868166666667,25.2,6582.880843843587,19.4200350338442,,3.1317526384950773,,,
GTM,Guatemala,0.35833333333333334,0.551,2.0,0.607,1.4546666666666666,0.7286666666666667,0.769,P7,2020,2022,5.7915333,11.25,11690.074217900466,,,3.480223401217657,,42.53333333333333,1.5866666666666667
GUY,Guyana,0.35000000000000003,0.5146666666666667,1.3333333333333333,1.0919999999999999,2.318,0.896,0.46799999999999997,P7,2020,2022,8.677423,100.0,26389.418892470236,,,42.29142787972543,,,
HND,Honduras,0.29,0.4366666666666667,1.3333333333333333,0.11233333333333333,2.473,0.9049999999999999,0.8046666666666665,P7,2020,2022,7.4391826666666665,30.1,6052.94395789182,,,2.5812546948642034,,45.03333333333333,1.5266666666666666
HRV,Croatia,0.6413333333333333,0.7423333333333333,2.0,0.7613333333333333,1.3839999999999997,0.7853333333333333,0.27499999999999997,P7,2020,2022,12.046988333333333,81.4,36429.20215918433,77.83583323160808,,3.8719361521723967,,28.133333333333336,1.1833333333333333
HUN,Hungary,0.34400000000000003,0.4523333333333333,1.0,-1.0353333333333332,0.26533333333333337,0.5103333333333334,0.48666666666666664,P7,2020,2022,12.304414666666666,89.0,38539.227754368134,58.5118242899577,,2.3455236618876936,,26.366666666666664,1.0066666666666666
IDN,Indonesia,0.39966666666666667,0.5573333333333333,2.0,0.6976666666666667,1.156,0.7556666666666666,0.7506666666666666,P7,2020,2022,8.651482666666666,54.3,12826.628321865734,40.37347422479357,54.93828564766886,2.31485700852795,,45.36666666666667,1.6633333333333333
IND,India,0.29666666666666663,0.3906666666666667,1.0,0.9423333333333334,-0.04933333333333333,0.41533333333333333,0.6813333333333333,P7,2020,2022,6.5299999,48.8,8014.6470534386135,31.354707237198266,,3.840410920916563,,47.0,1.9266666666666665
ISR,Israel,0.6393333333333334,0.7196666666666666,3.0,1.529,0.511,0.6756666666666667,0.10466666666666667,P7,2020,2022,13.502093333333333,100.0,45725.403734192165,58.94749069213867,,4.543340663194416,,34.199999999999996,0.8833333333333333
JAM,Jamaica,0.695,0.8023333333333333,2.0,1.87,2.609,0.945,0.171,P7,2020,2022,9.821736333333334,32.4,10473.099338441161,,,1.2798545946071531,,43.05,2.435
KOR,South Korea,0.7583333333333333,0.8346666666666667,3.0,1.086,1.099,0.8046666666666665,0.13233333333333333,P7,2020,2022,12.688063666666666,80.2,51440.316015334036,100.0165685017904,,2.2134300680302244,,,
LKA,Sri Lanka,0.40399999999999997,0.5843333333333333,2.0,0.7613333333333333,0.27066666666666667,0.5013333333333333,0.598,P7,2020,2022,10.773333333333333,41.3,13817.283886678468,21.103969804389035,,-2.58874385181559,,,
LSO,Lesotho,0.504,0.6303333333333333,2.0,1.8123333333333334,2.2386666666666666,0.8786666666666667,0.519,P7,2020,2022,7.667961466666667,11.7,2546.47946055192,,,-1.1671560114677868,,,
LTU,Lithuania,0.737,0.7959999999999999,2.0,2.72,1.41,0.8453333333333334,0.10933333333333334,P7,2020,2022,13.573794666666666,99.9,45205.51309244197,75.17873891194661,,2.986785878537404,,35.699999999999996,1.0366666666666668
LVA,Latvia,0.739,0.8273333333333333,3.0,3.3029999999999995,2.333666666666667,0.9036666666666667,0.09100000000000001,P7,2020,2022,13.382787,99.4,36285.540153486196,93.10837809244794,,1.7939494710394632,,34.03333333333333,1.2366666666666666
MDA,Moldova,0.593,0.7210000000000001,2.0,1.154,1.835,0.866,0.401,P7,2020,2022,11.816666666666668,47.5,14866.448568366766,61.869486003830396,,0.3513404812256035,,31.2,1.3466666666666667
MDG,Madagascar,0.24,0.48066666666666663,1.0,-1.315,2.747,0.93,0.883,P7,2020,2022,4.645573466666667,15.4,1575.2910959602334,5.454185256559956,,0.5563698649870533,,41.75,3.49
MEX,Mexico,0.369,0.624,2.0,-0.020333333333333335,1.719,0.7626666666666666,0.5483333333333333,P7,2020,2022,9.306340666666665,76.35,20634.30896443767,45.7407341003418,47.41346598328715,0.46806865736059294,,41.0,0.7566666666666667
MKD,North Macedonia,0.3873333333333333,0.5833333333333334,2.0,-1.1796666666666666,1.6316666666666666,0.847,0.7056666666666667,P7,2020,2022,10.23,50.5,21979.380457370204,47.081436157226534,,0.8603712113817901,,30.933333333333334,2.0
MLI,Mali,0.18533333333333335,0.29833333333333334,0.3333333333333333,0.34299999999999997,0.8686666666666666,0.6709999999999999,0.8216666666666667,P7,2020,2022,1.63,12.200000000000001,2802.149760677233,,35.3113279422863,1.878341057372663,,36.56666666666667,0.9500000000000001
MLT,Malta,0.609,0.7723333333333334,2.0,1.409,2.688,0.93,0.18600000000000003,P7,2020,2022,12.350468000000001,86.66666666666667,54694.03400463264,68.76606623331706,,4.145840489787667,,29.366666666666664,1.6500000000000001
MNG,Mongolia,0.49333333333333335,0.6036666666666667,2.0,0.9369999999999999,1.709666666666667,0.7786666666666666,0.7023333333333334,P7,2020,2022,9.42,98.375,14968.009312825665,67.1272413857844,92.6013731135065,0.7039090793950034,,33.666666666666664,2.9
MUS,Mauritius,0.41566666666666663,0.5273333333333333,2.0,0.437,1.699,0.83,0.49033333333333334,P7,2020,2022,10.066208,74.7,23451.5257964208,43.56608204575139,,-0.8165575781997733,,,
MWI,Malawi,0.49866666666666665,0.5826666666666667,2.0,1.14,1.6623333333333334,0.8573333333333334,0.6896666666666667,P7,2020,2022,5.24374,19.866666666666667,1667.9975906578402,2.5027636905472765,,2.0910012063180172,,,
NAM,Namibia,0.5083333333333333,0.6266666666666666,2.0,1.0193333333333332,2.444,0.9170000000000001,0.3033333333333333,P7,2020,2022,7.2628594,52.1,9771.481700899085,26.234016149532966,,0.30038398613974654,,,
NER,Niger,0.39633333333333337,0.5236666666666667,2.0,0.11866666666666666,1.5336666666666667,0.823,0.5693333333333332,P7,2020,2022,1.3886437666666664,,1639.6036197593867,,23.2722583913037,5.61141248546046,,36.75,2.925
NIC,Nicaragua,0.035333333333333335,0.18933333333333335,1.0,-3.032666666666667,-2.002666666666667,0.10099999999999999,0.9356666666666666,P7,2020,2022,9.885373000000001,15.133333333333333,6973.453910624613,,,3.922715725974841,,,
PAN,Panama,0.5453333333333333,0.727,2.0,0.463,1.5439999999999998,0.789,0.49700000000000005,P7,2020,2022,10.784456,63.55,30576.571369675203,51.82278698393727,86.3498973406225,3.228147480221466,,45.9,0.9066666666666666
PER,Peru,0.6623333333333333,0.774,2.0,1.7449999999999999,2.25,0.8893333333333334,0.5603333333333333,P7,2020,2022,10.110221000000001,26.100000000000005,14816.657605084032,,84.41666124425628,1.7461170475252672,,43.46666666666667,0.62
PHL,Philippines,0.27266666666666667,0.409,1.0,0.224,1.442,0.7360000000000001,0.7983333333333333,P7,2020,2022,9.433619833333333,34.9,8923.35949217501,34.5498388353993,,1.2591401730846068,,37.800000000000004,2.1233333333333335
PNG,Papua New Guinea,0.361,0.459,1.0,1.875,2.516,0.914,0.703,P7,2020,2022,4.952897666666667,9.1,4060.0093854857037,,,0.6762661931518746,,,
POL,Poland,0.4303333333333333,0.5936666666666667,2.0,-0.433,1.032,0.6926666666666667,0.13433333333333333,P7,2020,2022,13.192362000000001,,40772.4694980254,72.82340240478517,,3.3823569367951998,,29.266666666666666,0.73
PRY,Paraguay,0.42566666666666664,0.578,2.0,0.5976666666666667,1.7589999999999997,0.7799999999999999,0.7686666666666667,P7,2020,2022,8.907102666666667,36.1,15218.991105319534,,64.36297420665923,1.1243300976558952,,45.13333333333333,1.0366666666666668
ROU,Romania,0.6096666666666667,0.754,2.0,0.9676666666666667,1.71,0.8566666666666666,0.32066666666666666,P7,2020,2022,11.466666666666669,79.8,37358.2990526205,55.66525395711263,80.3318958564182,2.0590127720274034,,29.766666666666666,0.8866666666666667
SEN,Senegal,0.5523333333333333,0.7093333333333334,2.0,-0.134,2.163,0.9153333333333333,0.37366666666666665,P7,2020,2022,2.9189133333333337,19.9,4140.150844399836,14.5479719898253,33.8952955108212,3.9121689365562067,,39.9,3.225
SLB,Solomon Islands,0.5,0.6573333333333333,2.0,1.34,2.06,0.8906666666666667,0.6403333333333333,P7,2020,2022,5.87968,,2431.7048740946266,,,-2.0645727229144346,,,
SLV,El Salvador,0.19666666666666666,0.433,1.3333333333333333,-1.1813333333333333,0.7953333333333333,0.6226666666666666,0.7096666666666667,P7,2020,2022,7.2000001000000005,17.900000000000002,10529.260174348263,30.918953524064932,87.90343299572615,2.3220918357425298,,37.1,1.2366666666666666
STP,Sao Tome and Principe,0.551,0.6556666666666667,2.0,0.926,1.25,0.7856666666666667,0.289,P7,2020,2022,5.963792933333333,20.875,5702.593572118029,,,1.5642856336776683,,,
SUR,Suriname,0.6406666666666667,0.7653333333333334,2.0,1.1813333333333333,2.611,0.9346666666666666,0.19666666666666668,P7,2020,2022,8.415946666666667,33.6,18764.0613647135,6.261594649276224,,-5.334785064992801,,45.56666666666666,4.506666666666667
SVK,Slovakia,0.758,0.8386666666666667,3.0,2.476,1.181,0.783,0.209,P7,2020,2022,13.070883666666667,93.1,37742.4671609614,50.536387125651004,,1.204979340453628,,22.400000000000002,0.7733333333333334
SVN,Slovenia,0.6723333333333333,0.7583333333333333,2.6666666666666665,2.2753333333333337,1.431,0.8163333333333332,0.13833333333333334,P7,2020,2022,12.925927999999999,97.0,45142.56280600807,80.1496607462565,,2.3334563944163698,,23.766666666666666,0.7966666666666667
THA,Thailand,0.18966666666666665,0.20833333333333334,0.0,0.159,0.33966666666666673,0.43133333333333335,0.672,P7,2020,2022,8.926666500000001,70.1,20320.9408014451,43.117992683545765,85.235439628596,-0.6391645457171601,,36.93333333333334,1.6533333333333333
TTO,Trinidad and Tobago,0.6683333333333333,0.7856666666666667,2.6666666666666665,1.946,2.098,0.9083333333333333,0.09799999999999999,P7,2020,2022,10.778863666666666,57.2,30662.3730438343,,,-2.8814259925687176,,,
TWN,Taiwan,0.7196666666666666,0.8223333333333332,3.0,2.137,1.91,0.92,0.20933333333333334,P7,2020,2022,,,,,,,,30.166666666666668,0.7366666666666667
UKR,Ukraine,0.29433333333333334,0.4936666666666667,1.6666666666666667,-0.309,0.801,0.7243333333333334,0.6493333333333333,P7,2020,2022,11.124092666666664,,16242.022786458334,79.0212713644319,61.8299970622003,-9.688593831960226,,27.1,1.74
URY,Uruguay,0.7813333333333334,0.8456666666666667,3.0,1.9603333333333335,2.3506666666666667,0.8976666666666667,0.066,P7,2020,2022,10.019999833333333,95.0,29341.591261047364,72.16744773889226,72.24311793920924,0.9910576971517632,,37.766666666666666,0.5866666666666668
VEN,Venezuela,0.05533333333333334,0.21,1.0,-2.271333333333333,-0.6013333333333333,0.301,0.9666666666666667,P7,2020,2022,9.678386,,,,,-7.0140744601561735,,36.05,2.135
VUT,Vanuatu,0.6709999999999999,0.7946666666666667,2.0,2.489,2.9979999999999998,0.965,0.3333333333333333,P7,2020,2022,7.18321,,3206.2226805274063,,,-0.45285256532141666,,,
ZAF,South Africa,0.6076666666666667,0.7206666666666667,2.0,1.869,2.66,0.911,0.446,P7,2020,2022,11.25822,,13566.672744306832,22.8950356255055,78.53116108900551,0.24928918428256988,,61.4,2.6999999999999997
